Name;Coord;Winner;Fitness;GameTime;Score;deffScore;suppScore;townLifeDeviation;deff-ConquerRadius;deff-AttackMinLife;deff-SupportRadius;deff-SupportMaxCap;deff-SupportMinCap;off-ConquerRadius;off-AttackMinLife;off-SupportRadius;off-SupportMaxCap;off-SupportMinCap;supp-ConquerRadius;supp-AttackMinLife;supp-SupportRadius;supp-SupportMaxCap;supp-SupportMinCap;SupportTownRatio;DeffTownRatio;AtkTownRatio;CategorisationRadius
EA196;<3468, 5, 958>;False;1;777;0;0;1;50;2033;81;2557;47;31;1121;89;752;18;49;3888;42;1783;5;22;38;99;52;434
EA193;<3468, 5, 958>;False;1;684;0;0;1;50;1199;15;2079;29;83;2356;8;118;9;36;3626;85;2492;80;11;58;72;43;1566
EA182;<3468, 5, 958>;False;1;649;0;0;1;50;935;93;2417;89;7;2756;73;2947;70;15;1915;71;3125;21;7;86;3;84;3829
EA174;<3468, 5, 958>;False;41;671;40;0;1;50;1499;50;3957;72;57;1147;57;2938;34;76;1027;80;2049;20;10;65;9;69;713
EA165;<3468, 5, 958>;False;1;669;0;0;1;50;1579;60;294;70;79;2327;86;1016;30;32;3056;82;3162;43;13;80;23;63;962
EA147;<3468, 5, 958>;False;1;650;0;0;1;50;3912;31;1548;33;28;2700;11;385;84;61;1578;62;1259;11;96;49;21;38;2331
EA137;<3468, 5, 958>;False;1;797;0;0;1;50;2215;38;946;41;46;3178;39;2182;94;20;938;54;992;87;11;87;35;20;1487
EA139;<3468, 5, 958>;False;1;652;0;0;1;50;3905;69;1863;63;68;2783;11;3901;46;87;2216;46;1224;23;58;12;12;46;2468
EA125;<3468, 5, 958>;False;1;676;0;0;1;50;2487;38;1708;38;62;2223;70;652;87;93;362;65;3150;59;6;37;19;66;2008
EA116;<3468, 5, 958>;False;41;676;40;0;1;50;556;42;3970;89;46;2398;45;1857;46;18;1994;11;3240;34;51;27;28;1;3474
EA109;<3468, 5, 958>;False;21;794;40;-20;1;50;1894;35;2333;48;71;1214;54;2780;88;23;3692;40;3510;61;16;22;2;89;3248
EA110;<3468, 5, 958>;False;1;757;0;0;1;50;510;86;1141;17;68;126;57;1392;88;29;234;61;2717;40;35;28;7;68;787
EA102;<3468, 5, 958>;False;1;839;0;0;1;50;3731;64;3309;74;50;2308;91;2790;15;49;1526;42;343;85;55;60;33;12;638
EA92;<3468, 5, 958>;False;194;763;280;-100;14;6.58;1372;80;3895;35;82;1242;8;2533;37;92;3039;63;1624;79;78;43;4;2;2361
EA84;<3468, 5, 958>;False;1;671;0;0;1;50;1762;15;1506;58;94;2487;87;1500;54;64;1048;96;3416;46;53;21;52;73;1499
EA76;<3468, 5, 958>;False;1;646;0;0;1;50;3656;58;2640;77;59;2402;88;1949;11;47;1724;20;666;49;98;50;73;76;1531
EA72;<3468, 5, 958>;False;1;675;0;0;1;50;1441;95;2186;7;9;1303;85;2852;6;95;1450;88;3033;9;51;73;51;32;1950
EA12;<3468, 5, 958>;False;1;665;0;0;1;50;3865;22;333;98;78;638;47;1979;51;32;432;82;3455;84;53;75;18;51;839
EA5;<3468, 5, 958>;False;1;675;0;0;1;50;350;30;282;79;98;3481;5;3315;44;8;3180;71;2588;9;5;50;61;95;2843
EA184;<3468, 5, 958>;False;11;678;20;-10;1;50;3937;98;3526;38;69;852;42;3161;56;48;1600;72;637;97;46;64;11;47;1002
EA164;<3468, 5, 958>;False;1;702;0;0;1;50;2136;15;366;68;61;3903;94;3837;36;23;136;23;2706;46;77;20;96;21;2720
EA163;<3468, 5, 958>;False;1;777;0;0;1;50;3077;18;2976;18;8;1301;28;2135;11;80;1292;67;546;14;5;70;92;65;971
EA153;<3468, 5, 958>;False;21;607;40;-20;1;50;1090;58;3739;68;6;1649;21;523;96;7;2216;71;503;58;5;18;65;0;2198
EA150;<3468, 5, 958>;False;1;696;0;0;1;50;235;91;3381;66;68;1340;63;120;78;70;3095;81;1980;64;13;78;98;51;3019
EA113;<3468, 5, 958>;False;21;826;40;-20;1;50;1780;60;1558;8;11;1012;40;724;85;79;2496;93;1293;47;26;13;58;60;124
EA115;<3468, 5, 958>;False;1;638;0;0;1;50;2269;42;1114;16;84;2250;77;2489;55;18;1402;73;1144;30;93;83;90;33;3357
EA108;<3468, 5, 958>;False;1;806;0;0;1;50;3602;57;908;35;31;1051;93;2554;49;89;2300;78;1217;28;46;96;64;58;3586
EA106;<3468, 5, 958>;False;1;773;0;0;1;50;1134;6;1546;8;18;2009;59;768;63;30;337;74;2154;40;68;66;14;78;3204
EA99;<3468, 5, 958>;False;1;652;0;0;1;50;3812;28;1137;79;59;658;33;1715;93;68;1361;15;2427;34;17;91;30;5;758
EA75;<3468, 5, 958>;False;1;634;0;0;1;50;1102;75;3955;66;96;1756;17;1876;94;58;2330;82;317;81;37;51;30;61;1936
EA61;<3468, 5, 958>;False;1;676;0;0;1;50;2514;37;1357;53;99;1498;21;2158;74;14;1977;36;1430;34;67;64;54;33;2034
EA60;<3468, 5, 958>;True;298;525;280;0;18;5.42;340;42;529;95;22;3401;79;1073;59;58;1916;7;1195;12;6;50;14;1;754
EA39;<3468, 5, 958>;False;1;730;0;0;1;50;3249;83;2761;88;73;654;50;661;81;67;3575;76;297;93;13;84;17;67;1798
EA32;<3468, 5, 958>;False;1;656;0;0;1;50;3473;64;2796;19;57;2055;38;1818;14;86;2073;10;1321;17;63;46;59;89;1962
EA18;<3468, 5, 958>;False;81;833;160;-80;1;50;2317;17;529;5;61;827;25;3233;22;57;1763;81;1279;42;87;88;67;35;148
EA22;<3468, 5, 958>;False;1;744;0;0;1;50;3740;61;2786;86;47;1478;73;1048;25;96;2104;89;605;31;45;9;18;86;1920
EA25;<3468, 5, 958>;False;1;708;0;0;1;50;1466;44;2579;22;93;1682;84;3709;87;69;2550;7;2673;34;79;71;21;30;3881
EA14;<3468, 5, 958>;False;1;664;0;0;1;50;981;95;370;49;56;1108;37;2361;87;58;1176;66;2829;11;47;78;78;97;1218
EA181;<3468, 5, 958>;False;1;671;0;0;1;50;632;37;129;85;91;2865;16;1264;63;73;640;41;1715;42;86;19;63;1;802
EA177;<3468, 5, 958>;False;1;775;0;0;1;50;2272;96;2095;97;97;1419;58;3336;18;6;3355;80;652;80;79;10;37;78;1422
EA157;<3468, 5, 958>;False;1;659;0;0;1;50;3226;82;2950;49;31;3586;39;3199;70;21;3583;56;3734;61;69;95;34;29;3000
EA146;<3468, 5, 958>;False;1;646;0;0;1;50;3652;44;1060;52;83;1992;12;2906;99;5;664;63;2293;29;51;36;17;95;1763
EA128;<3468, 5, 958>;False;1;636;0;0;1;50;1533;17;1097;84;62;1957;81;1303;37;56;2232;40;2044;82;85;51;14;63;964
EA83;<3468, 5, 958>;False;1;653;0;0;1;50;3632;8;1367;43;99;3805;78;2951;50;20;3075;57;1956;88;9;5;55;16;1368
EA48;<3468, 5, 958>;False;1;779;0;0;1;50;258;54;1525;92;61;524;73;1605;66;52;1853;24;1179;85;71;44;93;45;3955
EA52;<3468, 5, 958>;False;1;663;0;0;1;50;909;26;1424;78;27;186;30;3327;72;7;3856;97;2092;67;39;86;92;68;3823
EA0;<3468, 5, 958>;False;1;729;0;0;1;50;101;37;2899;37;36;154;35;3648;29;39;712;87;2783;73;6;90;26;28;3850
EA10;<3468, 5, 958>;False;1;694;0;0;1;50;815;26;2422;31;40;403;76;1972;43;98;1299;97;750;43;9;89;96;28;329
EA15;<3468, 5, 958>;False;1;670;0;0;1;50;2946;79;2157;27;13;3844;18;112;35;14;1698;15;238;70;29;24;54;32;3150
EA175;<3468, 5, 958>;False;1;855;0;0;1;50;3013;92;946;49;46;1538;91;1931;78;42;3270;65;371;32;68;75;4;68;590
EA138;<3468, 5, 958>;False;1;643;0;0;1;50;1029;71;2861;84;70;2062;71;3070;70;17;214;64;3028;91;69;29;34;29;1408
EA127;<3468, 5, 958>;False;1;650;0;0;1;50;2643;62;1923;91;64;330;11;2590;54;17;714;38;1316;48;98;47;78;4;1542
EA117;<3468, 5, 958>;False;141;732;200;-60;1;50;680;62;1455;34;27;3145;36;783;19;25;1490;56;327;77;90;76;7;52;1696
EA120;<3468, 5, 958>;False;1;691;0;0;1;50;1283;36;3806;36;77;2696;36;1497;61;79;2976;32;1995;8;77;61;87;63;1123
EA118;<3468, 5, 958>;False;1;620;0;0;1;50;3307;86;2263;82;9;1928;44;3005;58;53;3155;69;2043;14;35;97;28;42;1330
EA112;<3468, 5, 958>;False;1;653;0;0;1;50;3615;21;2528;55;85;1760;78;1419;23;23;2264;61;2296;95;65;73;84;11;256
EA66;<3468, 5, 958>;False;1;662;0;0;1;50;3312;46;3504;70;6;3969;96;1281;87;79;3509;15;2107;53;53;90;75;89;1486
EA58;<3468, 5, 958>;False;1;778;0;0;1;50;595;12;3778;49;8;1859;59;2127;52;81;2512;76;394;47;63;92;8;11;2337
EA63;<3468, 5, 958>;False;1;644;0;0;1;50;540;34;2603;20;66;665;95;962;75;88;2509;73;3367;35;9;43;43;66;1932
EA36;<3468, 5, 958>;False;1;702;0;0;1;50;190;56;3236;30;21;837;68;673;23;16;3277;12;390;36;89;89;38;40;1670
EA29;<3468, 5, 958>;False;1;818;0;0;1;50;3055;91;530;48;73;2880;77;2543;36;7;3928;49;1208;80;58;17;34;75;516
EA28;<3468, 5, 958>;False;91;771;140;-50;1;50;599;90;2825;26;31;3809;32;1525;32;21;1310;61;3415;25;27;70;64;27;692
EA19;<3468, 5, 958>;False;1;686;0;0;1;50;2208;91;3766;81;5;3442;33;2380;15;83;459;67;1927;15;29;81;14;13;2900
EA7;<3468, 5, 958>;False;171;818;240;-70;1;50;1525;80;157;10;95;2677;12;886;42;34;577;37;183;88;94;57;6;87;117
EA9;<3468, 5, 958>;False;1;709;0;0;1;50;433;59;1410;12;7;1321;92;583;64;72;3914;8;635;89;63;26;83;12;517
EA11;<3468, 5, 958>;False;1;690;0;0;1;50;3726;56;3997;72;28;2246;94;2250;34;77;1565;92;3182;79;18;99;72;81;2582
EA4;<3468, 5, 958>;False;1;751;0;0;1;50;1837;14;1478;33;64;2828;38;2802;18;50;1388;83;608;25;7;2;65;89;2603
EA2;<3468, 5, 958>;False;1;729;0;0;1;50;2777;83;3062;35;13;2477;49;2408;66;8;1032;91;347;14;99;51;72;83;1802
EA191;<3468, 5, 958>;False;1;640;0;0;1;50;1415;13;859;27;22;213;27;408;8;32;2233;36;1320;34;70;71;71;35;257
EA185;<3468, 5, 958>;False;1;677;0;0;1;50;1622;99;969;52;82;1860;95;2609;47;42;1940;13;2922;66;76;45;24;22;439
EA176;<3468, 5, 958>;False;1;679;0;0;1;50;919;83;1271;86;99;1293;84;3982;7;6;2398;78;203;32;18;26;31;16;2087
EA171;<3468, 5, 958>;False;1;672;0;0;1;50;1864;25;2926;8;40;136;99;1922;13;62;1959;62;3036;18;38;69;39;83;1610
EA172;<3468, 5, 958>;False;1;640;0;0;1;50;2192;87;667;49;39;1435;86;3400;93;23;1415;24;1643;67;53;55;38;98;3386
EA161;<3468, 5, 958>;False;71;671;120;-50;1;50;2989;51;2039;48;12;3245;42;1468;95;42;1717;38;275;16;83;47;3;51;2531
EA158;<3468, 5, 958>;False;1;677;0;0;1;50;2963;49;3260;81;20;284;57;1778;86;37;3482;91;615;22;11;21;44;33;2363
EA159;<3468, 5, 958>;False;1;645;0;0;1;50;1919;99;3136;12;11;3325;7;3727;73;64;2621;13;3355;25;73;32;67;76;1513
EA142;<3468, 5, 958>;False;1;671;0;0;1;50;1798;95;3000;41;70;1878;92;3123;88;14;2469;79;3474;25;26;27;38;92;3360
EA143;<3468, 5, 958>;False;1;633;0;0;1;50;1482;83;278;51;54;1613;80;3258;95;30;519;17;3886;96;91;13;65;32;122
EA94;<3468, 5, 958>;False;1;673;0;0;1;50;268;68;1191;47;98;2299;20;1652;20;57;3529;88;1771;62;50;14;88;26;3516
EA89;<3468, 5, 958>;False;1;773;0;0;1;50;277;57;507;37;24;2626;51;204;18;88;1192;55;370;84;45;83;27;94;1633
EA91;<3468, 5, 958>;False;1;688;0;0;1;50;624;88;3454;14;35;1010;83;2000;51;23;2074;38;2654;21;48;46;56;98;2421
EA69;<3468, 5, 958>;False;1;668;0;0;1;50;986;82;2901;66;57;3977;92;3018;5;54;2233;23;2450;46;34;65;98;56;518
EA71;<3468, 5, 958>;False;1;645;0;0;1;50;3938;94;2696;56;36;1443;45;790;40;72;3343;61;1312;50;74;37;96;31;2970
EA68;<3468, 5, 958>;False;1;693;0;0;1;50;478;39;2178;61;66;1001;75;3486;67;98;1007;40;655;60;26;9;43;0;3711
EA65;<3468, 5, 958>;True;162;436;140;0;22;4.41;2161;69;552;30;32;3578;14;161;58;34;3087;73;3015;39;15;48;0;80;611
EA55;<3468, 5, 958>;False;1;805;0;0;1;50;155;19;1175;21;98;3543;44;2524;60;5;2425;89;2942;98;59;21;50;42;2495
EA6;<3468, 5, 958>;False;1;785;0;0;1;50;2607;78;250;19;43;460;6;2549;32;92;1344;59;3679;71;25;94;3;69;3148
EA3;<3468, 5, 958>;False;61;764;80;-20;1;50;2604;25;1154;80;71;1626;38;2312;48;73;445;92;1437;30;30;4;4;73;2964
EA13;<3468, 5, 958>;False;31;712;40;-10;1;50;1444;32;2606;12;36;2906;50;1835;22;54;186;85;535;55;47;20;24;51;460
EA8;<3468, 5, 958>;False;1;697;0;0;1;50;2604;84;3830;81;83;3628;78;1112;7;16;1751;95;3970;27;72;83;35;29;2823
EA194;<3468, 5, 958>;False;1;739;0;0;1;50;747;20;652;66;6;1652;65;2344;85;75;3601;23;1178;16;65;45;19;14;1828
EA192;<3468, 5, 958>;False;1;680;0;0;1;50;1648;72;2000;38;7;557;44;3651;61;69;3063;27;553;95;44;6;4;6;2836
EA190;<3468, 5, 958>;False;1;662;0;0;1;50;1061;58;1921;83;25;3512;15;3477;40;14;1558;6;2426;88;85;61;86;34;3843
EA179;<3468, 5, 958>;False;21;649;40;-20;1;50;1378;77;2490;50;97;3937;49;329;71;86;1033;95;2357;50;70;23;52;0;1742
EA173;<3468, 5, 958>;False;1;841;0;0;1;50;170;74;3092;50;42;183;47;315;23;50;814;32;2620;9;60;55;14;8;3804
EA166;<3468, 5, 958>;False;1;667;0;0;1;50;637;93;361;51;29;1377;56;2797;71;50;1450;16;316;38;92;89;40;22;3193
EA162;<3468, 5, 958>;True;202;658;220;-30;12;8;136;45;1709;32;97;3699;20;1544;64;40;1376;78;3063;17;8;34;0;81;1784
EA149;<3468, 5, 958>;False;1;634;0;0;1;50;3981;5;2465;98;62;596;7;2930;56;16;2445;61;1752;44;28;0;26;49;3306
EA148;<3468, 5, 958>;False;1;647;0;0;1;50;951;60;886;61;37;1147;50;263;98;76;3779;20;3537;79;55;38;40;84;2214
EA144;<3468, 5, 958>;False;1;768;0;0;1;50;3514;57;1483;82;17;1448;38;605;33;35;1613;11;1431;16;83;6;27;63;3330
EA141;<3468, 5, 958>;False;1;634;0;0;1;50;263;72;2308;83;75;3578;72;1848;79;12;827;26;2511;55;29;74;97;17;1682
EA140;<3468, 5, 958>;False;1;636;0;0;1;50;2137;13;459;59;6;1686;71;1930;84;54;2229;39;1531;7;69;66;92;74;1804
EA135;<3468, 5, 958>;False;1;644;0;0;1;50;483;69;266;54;74;3093;32;3340;39;6;3289;59;2767;38;29;98;45;50;3470
EA131;<3468, 5, 958>;False;1;648;0;0;1;50;1180;83;1592;86;62;2437;70;875;15;96;2032;24;2604;44;24;16;24;86;1865
EA126;<3468, 5, 958>;False;1;800;0;0;1;50;366;63;1166;82;9;866;54;2961;85;68;3808;69;179;29;27;21;34;54;2417
EA123;<3468, 5, 958>;False;1;641;0;0;1;50;524;66;2956;23;41;1069;92;838;47;25;3394;41;3833;31;88;24;51;28;3924
EA119;<3468, 5, 958>;False;1;752;0;0;1;50;3040;16;1518;75;88;1032;32;2213;78;13;3644;55;696;44;31;22;18;85;1841
EA114;<3468, 5, 958>;False;21;604;20;0;1;50;1719;36;3958;46;29;1545;45;3699;89;59;1194;17;1208;14;82;63;7;24;674
EA78;<3468, 5, 958>;False;1;765;0;0;1;50;1719;18;1013;76;93;129;7;102;62;97;360;25;1897;95;11;6;25;13;1600
EA70;<3468, 5, 958>;False;91;892;120;-30;1;50;746;82;921;87;40;2300;58;3788;45;46;2587;95;988;48;29;70;1;63;3743
EA51;<3468, 5, 958>;False;1;769;0;0;1;50;3472;59;1752;40;45;1037;25;626;66;83;894;61;3377;49;37;92;56;23;3360
EA47;<3468, 5, 958>;False;1;657;0;0;1;50;3476;56;2872;77;67;2649;58;3216;62;15;1461;39;1015;55;57;79;17;53;1133
EA40;<3468, 5, 958>;False;1;753;0;0;1;50;3868;25;2613;14;13;3573;94;1716;86;36;2795;12;1024;90;23;12;90;51;1276
EA42;<3468, 5, 958>;False;1;666;0;0;1;50;2395;77;3277;36;87;3248;84;1827;20;74;3430;8;690;74;63;13;91;39;2542
EA31;<3468, 5, 958>;False;1;687;0;0;1;50;3896;9;3734;95;55;1423;55;1122;6;46;1239;53;1936;35;95;91;34;44;3169
EA1;<3468, 5, 958>;False;31;798;40;-10;1;50;3615;80;2203;63;12;3237;68;2990;9;54;3221;83;1367;46;61;12;6;10;2334
EA198;<3468, 5, 958>;False;1;662;0;0;1;50;220;28;2706;66;44;505;42;2653;8;35;837;85;1966;43;21;71;18;64;2313
EA189;<3468, 5, 958>;False;1;693;0;0;1;50;345;53;2509;35;38;3303;80;944;67;50;3820;92;2484;15;26;70;98;61;1561
EA187;<3468, 5, 958>;False;1;651;0;0;1;50;341;89;1775;44;7;1603;19;1892;77;50;1595;55;1960;57;95;90;95;56;3144
EA170;<3468, 5, 958>;False;1;633;0;0;1;50;3679;53;1616;45;20;2107;69;2524;90;31;2989;98;2210;33;65;32;78;88;1479
EA136;<3468, 5, 958>;False;41;704;40;0;1;50;2665;29;1709;57;81;2936;52;3435;62;36;2141;24;2480;26;67;82;2;15;3058
EA133;<3468, 5, 958>;False;1;810;0;0;1;50;3529;68;1380;18;72;211;16;3757;50;56;3894;19;264;90;8;94;35;64;2441
EA129;<3468, 5, 958>;False;1;658;0;0;1;50;2638;37;1094;21;97;2451;24;351;62;72;253;24;749;58;5;0;21;65;2198
EA122;<3468, 5, 958>;False;1;673;0;0;1;50;2459;16;3989;61;93;3067;49;3064;81;79;1604;76;3771;88;71;63;58;70;1513
EA121;<3468, 5, 958>;False;1;649;0;0;1;50;2744;61;3435;15;84;2648;81;1608;48;15;974;86;209;93;65;68;2;42;2027
EA104;<3468, 5, 958>;False;1;875;0;0;1;50;2004;14;1840;70;49;1485;81;2605;65;82;161;10;267;49;55;97;60;77;1270
EA103;<3468, 5, 958>;False;1;664;0;0;1;50;324;96;2951;98;97;180;33;1279;10;30;863;21;2403;13;36;81;43;39;3923
EA100;<3468, 5, 958>;False;1;802;0;0;1;50;181;97;3380;78;36;3684;11;1238;77;85;2725;77;702;36;26;15;75;17;3330
EA98;<3468, 5, 958>;False;1;762;0;0;1;50;110;10;248;48;30;257;90;3333;61;11;3120;18;2377;97;86;76;95;48;1535
EA97;<3468, 5, 958>;False;1;763;0;0;1;50;3231;33;1211;75;80;718;83;3962;11;38;2605;18;2151;81;9;25;70;47;3457
EA88;<3468, 5, 958>;False;1;802;0;0;1;50;2428;56;1418;72;17;864;61;556;87;8;2357;33;3723;99;18;4;71;14;1338
EA86;<3468, 5, 958>;False;1;849;0;0;1;50;1575;22;1911;35;24;495;9;290;56;49;3856;29;776;61;29;16;96;41;2323
EA77;<3468, 5, 958>;False;1;844;0;0;1;50;3409;55;855;25;19;875;23;751;64;19;2218;25;1182;78;14;10;32;42;1429
EA73;<3468, 5, 958>;False;21;646;40;-20;1;50;3542;51;1683;41;31;1016;46;2055;52;31;2039;15;3329;41;22;28;6;7;2229
EA67;<3468, 5, 958>;False;1;667;0;0;1;50;3826;8;3275;92;66;1357;91;2259;67;34;2847;71;3472;22;96;87;30;25;896
EA64;<3468, 5, 958>;False;1;688;0;0;1;50;3111;59;1041;54;82;896;55;2565;46;26;2588;73;3275;60;96;72;77;74;1718
EA50;<3468, 5, 958>;False;1;651;0;0;1;50;537;35;2925;37;22;1247;58;2423;52;63;2166;45;3353;30;91;46;16;57;3751
EA38;<3468, 5, 958>;False;1;780;0;0;1;50;2572;61;3402;65;28;2440;94;2760;65;40;2291;26;2570;67;78;66;35;34;1648
EA35;<3468, 5, 958>;False;1;641;0;0;1;50;1834;65;3247;50;26;3240;96;2909;97;26;435;99;1853;44;33;4;65;97;1838
EA27;<3468, 5, 958>;False;1;710;0;0;1;50;3382;38;1107;32;34;292;11;3678;40;49;2456;36;2431;76;83;32;39;82;2069
EA16;<3468, 5, 958>;False;1;687;0;0;1;50;507;32;2222;26;96;3557;96;2322;31;82;2679;30;527;18;62;10;97;24;3803
EA199;<3468, 5, 958>;False;1;647;0;0;1;50;760;30;1004;78;64;2579;68;3909;98;97;2760;89;114;31;7;33;23;43;619
EA101;<3468, 5, 958>;False;1;620;0;0;1;50;1894;56;3852;72;79;728;65;3332;74;30;1866;84;2252;64;96;80;60;16;3127
EA96;<3468, 5, 958>;False;1;649;0;0;1;50;963;43;3007;51;97;1268;24;2014;14;73;136;21;1554;30;44;26;43;68;1813
EA93;<3468, 5, 958>;False;1;688;0;0;1;50;1596;20;918;58;65;2683;60;3437;28;20;3357;72;2019;74;56;75;84;11;2300
EA87;<3468, 5, 958>;False;1;802;0;0;1;50;309;47;1040;33;44;319;22;1131;64;43;3492;42;3304;94;89;77;9;82;3084
EA79;<3468, 5, 958>;False;51;694;100;-50;1;50;2033;68;1054;12;42;1342;25;3662;73;38;288;31;3207;45;29;69;15;8;1128
EA57;<3468, 5, 958>;False;1;811;0;0;1;50;2119;7;498;35;23;2429;53;2646;91;36;2023;55;429;50;86;6;75;12;2904
EA46;<3468, 5, 958>;False;1;705;0;0;1;50;453;91;492;20;58;359;69;1536;74;21;2804;54;2541;76;45;22;76;79;1576
EA37;<3468, 5, 958>;False;1;780;0;0;1;50;2867;97;949;88;99;2386;84;1111;59;5;1304;13;1922;69;22;44;49;1;2662
EA33;<3468, 5, 958>;False;1;656;0;0;1;50;597;18;3592;42;28;663;21;415;9;65;2376;37;1071;50;26;52;74;97;1550
EA30;<3468, 5, 958>;False;71;720;100;-30;1;50;3921;60;2686;9;28;3004;28;2349;18;16;1523;81;2207;69;78;84;3;2;3204
EA17;<3468, 5, 958>;False;101;804;160;-60;1;50;3922;27;3964;49;5;1982;18;3130;71;72;1812;15;1289;29;6;31;1;30;3897
EA26;<3468, 5, 958>;False;1;662;0;0;1;50;2386;35;347;27;53;2888;93;821;62;97;3513;91;3244;54;38;28;23;48;3765
EA195;<3468, 5, 958>;False;1;665;0;0;1;50;2696;77;1301;65;68;2347;34;2313;89;48;277;40;1570;15;39;16;50;62;2949
EA186;<3468, 5, 958>;False;1;711;0;0;1;50;458;89;449;44;59;2338;98;1265;85;15;2291;31;3631;33;77;89;12;66;343
EA188;<3468, 5, 958>;False;1;655;0;0;1;50;2650;63;2777;80;22;2175;38;2078;33;60;3845;12;3104;19;14;84;55;8;2949
EA168;<3468, 5, 958>;False;1;806;0;0;1;50;3206;80;1596;60;47;3056;17;1527;34;13;3465;11;2238;88;20;6;35;43;1590
EA167;<3468, 5, 958>;False;1;804;0;0;1;50;1199;86;1512;59;75;2690;95;2471;49;44;2347;87;3637;75;69;86;54;70;1937
EA169;<3468, 5, 958>;False;21;654;40;-20;1;50;1355;64;2844;23;93;1174;44;2512;78;38;1584;70;3897;73;11;36;71;2;3943
EA156;<3468, 5, 958>;False;1;674;0;0;1;50;1863;13;3021;95;17;149;43;3994;83;75;1158;21;1370;98;24;38;81;19;2373
EA154;<3468, 5, 958>;False;1;762;0;0;1;50;2261;7;1759;82;50;1624;69;1724;97;14;1115;53;1794;73;84;57;26;23;2153
EA145;<3468, 5, 958>;False;21;697;40;-20;1;50;987;28;257;95;40;2077;55;1173;42;48;3813;83;1807;66;96;53;76;76;174
EA134;<3468, 5, 958>;False;1;686;0;0;1;50;3923;70;1161;37;68;2824;45;3242;49;25;3370;16;1924;32;54;88;30;39;2265
EA132;<3468, 5, 958>;False;1;658;0;0;1;50;2777;20;3267;63;43;1252;74;1317;21;52;1802;48;3430;62;81;16;33;82;2321
EA130;<3468, 5, 958>;False;1;664;0;0;1;50;3474;42;1979;84;58;493;19;3982;42;78;1931;98;788;76;74;0;16;38;3286
EA80;<3468, 5, 958>;False;1;678;0;0;1;50;1115;18;3604;96;94;837;25;147;63;79;923;77;376;23;60;37;6;26;3194
EA53;<3468, 5, 958>;False;1;697;0;0;1;50;1269;43;2524;26;35;3102;65;258;70;94;2030;7;2815;20;91;61;96;69;3740
EA49;<3468, 5, 958>;False;1;665;0;0;1;50;1808;40;1632;70;52;1097;87;2591;41;18;383;14;3499;30;11;34;17;7;2102
EA21;<3468, 5, 958>;False;1;711;0;0;1;50;508;22;1872;75;95;3907;66;2590;64;36;267;55;2339;62;14;92;94;29;3914
EA24;<3468, 5, 958>;False;1;692;0;0;1;50;132;66;3105;10;50;2747;71;2951;44;36;681;28;1601;74;46;59;27;20;1280
EA23;<3468, 5, 958>;False;1;685;0;0;1;50;1559;8;345;91;37;1081;77;275;94;84;2806;71;1307;60;52;44;81;91;1098
EA197;<3468, 5, 958>;False;1;820;0;0;1;50;1949;51;2082;83;48;562;22;3923;86;55;3657;56;1380;83;76;17;4;61;1556
EA183;<3468, 5, 958>;False;1;678;0;0;1;50;2950;48;3092;55;24;448;34;228;96;31;1533;11;3977;49;33;88;80;36;938
EA180;<3468, 5, 958>;False;1;666;0;0;1;50;3905;16;2600;67;42;3109;92;3257;47;40;1096;38;990;78;15;54;38;35;2069
EA178;<3468, 5, 958>;False;1;788;0;0;1;50;979;24;547;60;55;1858;58;2296;47;10;3729;98;3340;40;89;84;33;44;3921
EA160;<3468, 5, 958>;False;1;671;0;0;1;50;2297;29;3383;63;78;1848;95;2822;99;5;3454;57;614;49;53;65;65;3;2810
EA152;<3468, 5, 958>;False;1;671;0;0;1;50;3738;23;2528;51;54;233;52;894;19;39;1403;13;2553;16;28;86;16;26;1110
EA151;<3468, 5, 958>;False;1;625;0;0;1;50;2433;60;377;89;60;3700;98;3027;63;62;2578;67;2076;56;94;7;74;11;3869
EA124;<3468, 5, 958>;False;1;765;0;0;1;50;3722;50;1100;98;68;2437;86;3946;69;99;1386;20;783;89;5;57;11;42;1930
EA107;<3468, 5, 958>;False;1;778;0;0;1;50;449;60;1611;82;91;3999;80;3577;47;89;825;10;1957;84;62;71;56;20;1864
EA105;<3468, 5, 958>;False;1;671;0;0;1;50;3392;92;239;25;38;1728;10;2106;23;66;2947;83;1002;30;86;10;7;15;2819
EA111;<3468, 5, 958>;True;308;449;280;-10;38;2.51;2090;14;1116;11;84;1803;6;2295;35;14;758;96;3688;57;10;55;29;24;130
EA90;<3468, 5, 958>;False;1;682;0;0;1;50;511;29;2848;64;78;973;8;3453;72;74;2734;76;1252;94;34;54;23;50;1886
EA82;<3468, 5, 958>;False;1;771;0;0;1;50;1274;71;1366;45;38;597;48;908;61;71;921;27;259;34;62;87;63;36;2720
EA81;<3468, 5, 958>;False;111;612;180;-70;1;50;3386;10;3153;98;99;2631;15;1323;21;10;906;65;3405;13;34;92;61;97;395
EA74;<3468, 5, 958>;False;1;671;0;0;1;50;2506;81;3279;9;51;992;8;3072;47;91;3285;21;3558;65;44;82;62;51;1998
EA62;<3468, 5, 958>;False;1;854;0;0;1;50;901;49;795;15;57;2385;85;3105;25;35;2384;74;3265;86;71;93;75;12;2925
EA59;<3468, 5, 958>;False;1;869;0;0;1;50;1356;31;1622;97;35;534;31;665;91;20;2518;59;2436;60;61;12;71;41;440
EA56;<3468, 5, 958>;False;31;778;40;-10;1;50;149;50;2114;38;19;1009;52;1816;80;21;872;10;1949;21;15;9;4;74;1918
EA41;<3468, 5, 958>;False;1;779;0;0;1;50;582;80;412;99;92;189;84;2235;95;72;2211;54;1250;48;18;65;31;65;3393
EA44;<3468, 5, 958>;False;1;679;0;0;1;50;919;86;3989;29;70;3302;39;3797;34;49;2737;66;1277;60;68;55;96;49;2813
EA45;<3468, 5, 958>;False;1;670;0;0;1;50;3027;68;2468;75;17;948;46;1221;81;32;733;7;3530;30;95;71;97;79;1273
EA20;<3468, 5, 958>;False;1;710;0;0;1;50;1634;60;1386;95;5;968;17;2361;87;26;1798;11;3216;69;95;20;31;95;2818
EA155;<3468, 5, 958>;False;1;782;0;0;1;50;2474;33;3463;86;64;793;90;3198;99;54;2535;73;369;92;56;0;75;10;3930
EA95;<3468, 5, 958>;False;1;652;0;0;1;50;1417;58;3890;35;50;1917;95;3060;16;27;3422;16;858;46;79;14;70;40;474
EA85;<3468, 5, 958>;False;1;682;0;0;1;50;1400;39;3210;72;34;289;70;2700;97;33;3992;38;3347;42;98;12;70;91;518
EA54;<3468, 5, 958>;False;1;666;0;0;1;50;821;52;2067;27;62;504;46;2436;54;81;1956;47;380;44;52;74;80;26;3274
EA43;<3468, 5, 958>;False;1;669;0;0;1;50;2938;46;3138;49;11;2851;75;2194;89;26;475;88;1517;37;98;65;26;38;3173
EA34;<3468, 5, 958>;False;1;665;0;0;1;50;1587;51;3753;6;87;1671;19;3257;31;89;3422;83;2473;90;46;85;44;25;2324
EA193;<3468, 5, 958>;False;1;650;0;0;1;50;2777;83;3062;35;13;2477;49;2408;66;8;1032;91;347;14;99;51;72;83;1802
EA176;<3468, 5, 958>;False;1;694;0;0;1;50;1278;31;1748;39;87;3017;52;2930;61;10;1685;50;1463;65;57;14;53;40;2637
EA168;<3468, 5, 958>;False;1;784;0;0;1;50;870;48;745;14;59;1809;72;3277;36;45;3045;28;623;94;44;100;100;14;2960
EA170;<3468, 5, 958>;False;1;716;0;0;1;50;3912;31;1548;33;28;2700;11;385;84;61;1578;62;1259;11;96;49;21;38;2331
EA141;<3468, 5, 958>;False;1;671;0;0;1;50;4000;5;4000;124;52;1181;52;1467;18;55;1004;54;2444;32;109;89;38;42;3178
EA134;<3468, 5, 958>;False;1;639;0;0;1;50;760;30;1004;78;64;2579;68;3909;98;97;2760;89;114;31;7;33;23;43;619
EA116;<3468, 5, 958>;False;1;653;0;0;1;50;2643;62;1923;91;64;330;11;2590;54;17;714;38;1316;48;98;47;78;4;1542
EA96;<3468, 5, 958>;False;61;634;80;-20;1;50;2049;22;844;5;59;1668;45;3109;31;47;1311;58;1413;55;69;44;7;12;1833
EA71;<3468, 5, 958>;False;1;615;0;0;1;50;1575;22;1911;35;24;495;9;290;56;49;3856;29;776;61;29;16;96;41;2323
EA60;<3468, 5, 958>;False;1;650;0;0;1;50;1335;22;2427;5;38;3061;71;2336;57;40;369;95;1508;46;36;18;27;54;578
EA59;<3468, 5, 958>;False;21;616;40;-20;1;50;3542;51;1683;41;31;1016;46;2055;52;31;2039;15;3329;41;22;28;6;7;2229
EA42;<3468, 5, 958>;False;1;656;0;0;1;50;747;20;652;66;6;1652;65;2344;85;75;3601;23;1178;16;65;45;19;14;1828
EA40;<3468, 5, 958>;False;1;636;0;0;1;50;3726;56;3997;72;28;2246;94;2250;34;77;1565;92;3182;79;18;99;72;81;2582
EA33;<3468, 5, 958>;False;1;640;0;0;1;50;3744;83;2209;64;8;2690;30;1209;9;42;3343;83;1706;56;45;0;0;0;2680
EA29;<3468, 5, 958>;False;41;644;40;0;1;50;174;49;2144;38;19;1074;51;2044;81;25;971;12;1719;18;35;67;7;19;574
EA0;<3468, 5, 958>;True;393;547;420;-60;33;2.85;2090;14;1116;11;84;1803;6;2295;35;14;758;96;3688;57;10;55;29;24;130
EA185;<3468, 5, 958>;False;1;794;0;0;1;50;1587;51;3753;6;87;1671;19;3257;31;89;3422;83;2473;90;46;85;44;25;2324
EA187;<3468, 5, 958>;False;1;664;0;0;1;50;540;34;2603;20;66;665;95;962;75;88;2509;73;3367;35;9;43;43;66;1932
EA188;<3468, 5, 958>;False;11;652;20;-10;1;50;2227;20;904;12;60;1117;54;2965;32;74;719;79;2370;10;5;66;13;66;670
EA148;<3468, 5, 958>;False;1;659;0;0;1;50;1559;8;345;91;37;1081;77;275;94;84;2806;71;1307;60;52;44;81;91;1098
EA138;<3468, 5, 958>;False;11;652;20;-10;1;50;3154;23;2935;58;35;279;7;348;62;94;1346;18;1483;50;7;0;32;7;917
EA137;<3468, 5, 958>;False;1;633;0;0;1;50;4000;5;2836;7;12;3506;112;2109;98;41;2052;14;491;76;27;22;57;33;2959
EA123;<3468, 5, 958>;False;1;709;0;0;1;50;449;60;1611;82;91;3999;80;3577;47;89;825;10;1957;84;62;71;56;20;1864
EA111;<3468, 5, 958>;False;1;811;0;0;1;50;2038;49;2125;91;99;2409;26;1762;18;9;2671;80;100;35;15;41;37;34;1700
EA83;<3468, 5, 958>;False;1;668;0;0;1;50;2125;28;4000;82;62;100;91;2836;113;32;2926;91;227;93;73;14;59;17;3435
EA80;<3468, 5, 958>;False;1;671;0;0;1;50;100;119;542;5;65;846;74;684;87;63;2805;65;1706;65;49;20;75;78;1603
EA76;<3468, 5, 958>;False;1;667;0;0;1;50;539;34;2606;19;66;626;96;956;75;89;3337;79;2375;54;64;38;26;61;2788
EA31;<3468, 5, 958>;False;1;684;0;0;1;50;525;92;3624;14;33;897;47;2761;33;43;1858;67;1703;35;74;52;57;88;2071
EA16;<3468, 5, 958>;False;1;664;0;0;1;50;1815;65;3209;49;26;3137;96;2722;95;24;100;124;1177;48;16;0;84;100;2394
EA4;<3468, 5, 958>;False;151;763;240;-90;1;50;1525;80;157;10;95;2677;12;886;42;34;577;37;183;88;94;57;6;87;117
EA1;<3468, 5, 958>;False;1;672;0;0;1;50;128;44;828;20;48;348;21;1152;63;42;2373;21;2796;90;86;80;0;92;2925
EA191;<3468, 5, 958>;True;178;490;160;0;18;5.43;1476;72;100;38;33;3567;14;202;57;33;2647;75;2788;47;32;64;1;44;1779
EA180;<3468, 5, 958>;False;1;645;0;0;1;50;2301;44;2754;32;48;1907;32;1719;24;81;1211;75;1109;25;25;34;62;16;1548
EA175;<3468, 5, 958>;False;1;667;0;0;1;50;3699;55;3967;71;27;1839;74;2314;68;75;2795;50;1971;40;46;28;2;0;1591
EA169;<3468, 5, 958>;False;1;666;0;0;1;50;3826;8;3275;92;66;1357;91;2259;67;34;2847;71;3472;22;96;87;30;25;896
EA157;<3468, 5, 958>;False;1;824;0;0;1;50;2083;83;2903;56;23;1530;79;1038;17;54;1236;61;1894;12;27;62;49;29;1862
EA135;<3468, 5, 958>;False;1;819;0;0;1;50;1719;20;1489;71;82;911;28;2089;76;75;501;23;1779;81;23;0;33;8;2019
EA143;<3468, 5, 958>;True;96;295;80;0;16;6.15;136;45;1709;32;97;3699;20;1544;64;40;1376;78;3063;17;8;34;0;81;1784
EA142;<3468, 5, 958>;True;233;435;200;-10;43;2.21;2228;56;2165;34;89;2210;5;3011;104;5;977;65;2839;43;37;36;0;100;963
EA130;<3468, 5, 958>;False;1;664;0;0;1;50;1381;34;1471;93;39;100;13;555;110;16;2772;69;2779;51;38;0;94;30;183
EA127;<3468, 5, 958>;False;1;679;0;0;1;50;1937;5;100;66;70;3800;92;3746;37;23;101;23;2657;46;75;70;96;78;1281
EA113;<3468, 5, 958>;False;61;689;80;-20;1;50;556;42;3970;89;46;2398;45;1857;46;18;1994;11;3240;34;51;27;28;1;3474
EA112;<3468, 5, 958>;False;131;775;200;-70;1;50;2618;52;3292;46;25;2138;45;2344;65;55;2506;68;1601;70;82;43;4;3;2388
EA110;<3468, 5, 958>;False;21;612;20;0;1;50;2317;17;529;5;61;827;25;3233;22;57;1763;81;1279;42;87;88;67;35;148
EA91;<3468, 5, 958>;False;1;649;0;0;1;50;420;13;2208;29;28;639;76;1959;41;96;2832;32;706;65;47;70;94;30;876
EA75;<3468, 5, 958>;False;11;626;20;-10;1;50;1764;35;3927;47;29;1510;43;3670;87;57;2477;62;1766;44;26;53;10;27;1089
EA67;<3468, 5, 958>;False;1;664;0;0;1;50;2487;38;1708;38;62;2223;70;652;87;93;362;65;3150;59;6;37;19;66;2008
EA68;<3468, 5, 958>;False;61;605;80;-20;1;50;2604;25;1154;80;71;1626;38;2312;48;73;445;92;1437;30;30;4;4;73;2964
EA58;<3468, 5, 958>;False;171;731;220;-50;1;50;416;49;1970;29;96;2495;31;2005;70;39;1410;76;3200;26;8;33;0;100;1058
EA50;<3468, 5, 958>;False;1;651;0;0;1;50;809;19;3790;52;19;728;64;3331;73;30;1767;85;2536;66;101;75;78;17;3406
EA49;<3468, 5, 958>;False;1;642;0;0;1;50;2752;31;1685;59;74;2520;48;2645;53;35;1354;5;917;11;90;7;26;61;3324
EA12;<3468, 5, 958>;False;21;630;20;0;1;50;149;50;2114;38;19;1009;52;1816;80;21;872;10;1949;21;15;9;4;74;1918
EA199;<3468, 5, 958>;False;1;764;0;0;1;50;3003;65;2490;40;55;2065;68;2549;92;29;3186;57;1529;51;64;17;88;49;2309
EA194;<3468, 5, 958>;False;1;629;0;0;1;50;309;47;1040;33;44;319;22;1131;64;43;3492;42;3304;94;89;77;9;82;3084
EA189;<3468, 5, 958>;False;81;637;160;-80;1;50;1525;80;157;10;95;2677;12;886;42;34;577;37;183;88;94;57;6;87;117
EA182;<3468, 5, 958>;False;21;763;40;-20;1;50;1780;60;1558;8;11;1012;40;724;85;79;2496;93;1293;47;26;13;58;60;124
EA162;<3468, 5, 958>;False;1;802;0;0;1;50;1822;47;3145;17;90;1642;19;3073;38;76;2008;37;1452;35;66;94;39;21;2459
EA155;<3468, 5, 958>;False;171;786;240;-70;1;50;1943;85;3503;74;16;3601;24;1860;45;56;698;69;2223;15;23;54;6;50;2279
EA145;<3468, 5, 958>;False;1;629;0;0;1;50;1713;37;1742;28;60;2035;50;2603;86;36;1739;64;2669;64;37;0;76;15;2566
EA144;<3468, 5, 958>;False;1;651;0;0;1;50;765;95;4000;5;9;1506;58;1866;39;36;2449;50;2425;31;48;26;75;54;3080
EA140;<3468, 5, 958>;False;1;672;0;0;1;50;3612;7;1192;39;102;3912;79;3033;51;18;1565;53;1939;44;79;89;34;43;3141
EA131;<3468, 5, 958>;False;1;682;0;0;1;50;3472;59;1752;40;45;1037;25;626;66;83;894;61;3377;49;37;92;56;23;3360
EA89;<3468, 5, 958>;False;1;801;0;0;1;50;3275;68;2837;89;78;1684;31;1006;49;37;2974;73;996;75;17;88;40;82;1064
EA54;<3468, 5, 958>;False;1;674;0;0;1;50;3942;57;1943;49;5;2296;26;534;60;67;2387;13;3832;37;25;7;17;50;2205
EA35;<3468, 5, 958>;False;1;665;0;0;1;50;2125;63;528;32;89;2339;24;1415;36;34;1865;24;1433;83;39;45;28;73;1269
EA39;<3468, 5, 958>;False;1;611;0;0;1;50;190;55;3236;30;21;898;65;1120;25;27;743;88;2257;17;5;62;6;71;628
EA23;<3468, 5, 958>;False;51;654;80;-30;1;50;540;79;2045;49;12;1456;24;1982;79;48;4000;36;3482;40;98;17;71;88;706
EA24;<3468, 5, 958>;False;41;515;80;-40;1;50;3620;45;1131;51;80;1995;12;2902;98;5;998;88;522;15;94;34;10;96;1758
EA13;<3468, 5, 958>;False;1;640;0;0;1;50;3226;82;2950;49;31;3586;39;3199;70;21;3583;56;3734;61;69;95;34;29;3000
EA124;<3468, 5, 958>;False;1;667;0;0;1;50;2750;35;3063;47;71;1722;73;1031;24;22;2204;63;2369;97;64;40;76;27;376
EA119;<3468, 5, 958>;False;21;670;40;-20;1;50;1605;21;1010;57;63;2487;47;3622;5;17;2015;84;1942;60;45;99;90;0;2461
EA105;<3468, 5, 958>;False;1;775;0;0;1;50;483;69;266;54;74;3093;32;3340;39;6;3289;59;2767;38;29;98;45;50;3470
EA103;<3468, 5, 958>;False;1;700;0;0;1;50;3249;83;2761;88;73;654;50;661;81;67;3575;76;297;93;13;84;17;67;1798
EA98;<3468, 5, 958>;False;1;663;0;0;1;50;1144;11;100;94;26;3014;65;1120;57;56;3383;73;1893;58;87;72;53;50;2786
EA88;<3468, 5, 958>;True;364;566;380;-40;24;3.98;2090;14;1116;11;84;1803;6;2295;35;14;758;96;3688;57;10;55;29;24;130
EA37;<3468, 5, 958>;False;1;621;0;0;1;50;4000;72;2057;58;74;2957;30;3103;49;78;2335;61;1235;27;78;2;11;57;2891
EA26;<3468, 5, 958>;False;1;660;0;0;1;50;1740;5;1143;83;67;1914;83;994;36;57;2096;19;2447;94;106;51;13;63;1075
EA2;<3468, 5, 958>;False;1;683;0;0;1;50;2213;39;1941;33;70;1726;82;3456;87;70;100;80;3274;65;5;54;20;47;2963
EA198;<3468, 5, 958>;False;1;761;0;0;1;50;273;74;100;55;81;3348;29;3280;30;5;3617;65;3011;41;20;84;30;39;2390
EA196;<3468, 5, 958>;False;1;656;0;0;1;50;1411;56;1942;76;22;3247;41;1490;94;41;1591;12;1976;72;84;67;100;26;4000
EA192;<3468, 5, 958>;True;149;463;140;-10;19;4.99;2161;69;552;30;32;3578;14;161;58;34;3087;73;3015;39;15;48;0;80;611
EA184;<3468, 5, 958>;False;1;667;0;0;1;50;2233;66;3541;56;43;1636;36;2607;46;74;2988;60;1687;78;78;59;26;25;1834
EA178;<3468, 5, 958>;False;1;685;0;0;1;50;2243;74;3450;59;13;1992;95;1965;86;56;100;106;1432;46;39;24;53;80;1886
EA153;<3468, 5, 958>;False;1;762;0;0;1;50;3695;84;2329;51;38;2741;88;817;59;94;3411;73;2095;51;59;23;0;56;4000
EA147;<3468, 5, 958>;False;1;662;0;0;1;50;3615;21;2528;55;85;1760;78;1419;23;23;2264;61;2296;95;65;73;84;11;256
EA129;<3468, 5, 958>;False;1;788;0;0;1;50;693;44;3921;83;46;1351;17;2760;46;72;2953;18;3476;57;45;67;53;37;2383
EA109;<3468, 5, 958>;False;1;670;0;0;1;50;1993;38;2461;44;72;1737;63;2352;73;20;1410;78;738;87;57;58;2;52;2289
EA102;<3468, 5, 958>;False;1;669;0;0;1;50;3938;94;2696;56;36;1443;45;790;40;72;3343;61;1312;50;74;37;96;31;2970
EA86;<3468, 5, 958>;False;1;818;0;0;1;50;1132;46;1776;81;59;451;67;1427;54;48;1690;20;1674;60;55;85;16;26;1137
EA90;<3468, 5, 958>;False;1;699;0;0;1;50;2348;33;2362;15;37;1440;90;2823;64;100;2253;75;1467;26;44;91;59;62;3248
EA78;<3468, 5, 958>;False;31;846;40;-10;1;50;2011;20;1499;27;83;1908;70;100;111;105;100;61;3545;61;5;14;7;15;2302
EA66;<3468, 5, 958>;False;140;778;220;-90;10;9.18;1372;80;3895;35;82;1242;8;2533;37;92;3039;63;1624;79;78;43;4;2;2361
EA65;<3468, 5, 958>;False;1;661;0;0;1;50;3027;68;2468;75;17;948;46;1221;81;32;733;7;3530;30;95;71;97;79;1273
EA63;<3468, 5, 958>;False;81;713;120;-40;1;50;3011;45;3477;89;91;2999;38;1245;15;12;1044;69;3497;15;40;91;60;96;411
EA53;<3468, 5, 958>;False;1;702;0;0;1;50;1553;52;3640;9;85;2059;43;3584;39;62;2606;94;1023;48;29;81;35;32;2611
EA48;<3468, 5, 958>;False;1;805;0;0;1;50;181;63;3175;38;29;100;43;255;23;55;624;33;2791;6;57;75;28;27;2526
EA45;<3468, 5, 958>;False;1;768;0;0;1;50;3740;61;2786;86;47;1478;73;1048;25;96;2104;89;605;31;45;9;18;86;1920
EA14;<3468, 5, 958>;False;1;765;0;0;1;50;100;18;1149;19;98;3630;42;2392;59;5;2358;73;2833;81;60;23;47;40;2518
EA3;<3468, 5, 958>;False;21;691;40;-20;1;50;149;50;2114;38;19;1009;52;1816;80;21;872;10;1949;21;15;9;4;74;1918
EA174;<3468, 5, 958>;False;31;616;40;-10;1;50;149;50;2114;38;19;1009;52;1816;80;21;872;10;1949;21;15;9;4;74;1918
EA167;<3468, 5, 958>;False;21;783;20;0;1;50;564;62;1227;30;22;993;61;3052;67;29;1610;64;943;72;91;75;3;54;1608
EA146;<3468, 5, 958>;False;1;641;0;0;1;50;2911;65;2376;74;16;810;42;1001;80;23;1337;10;3034;27;88;67;87;71;1338
EA128;<3468, 5, 958>;False;1;622;0;0;1;50;2113;63;3370;33;63;806;28;100;66;76;1014;74;499;24;59;46;17;31;2950
EA121;<3468, 5, 958>;False;1;787;0;0;1;50;2772;39;1260;19;89;3223;29;3140;5;5;2040;104;2801;73;107;17;17;51;2411
EA107;<3468, 5, 958>;False;1;651;0;0;1;50;100;75;1983;89;118;1813;71;2020;81;55;1483;23;1757;47;65;70;60;27;1855
EA106;<3468, 5, 958>;False;11;663;20;-10;1;50;1894;35;2333;48;71;1214;54;2780;88;23;3692;40;3510;61;16;22;2;89;3248
EA101;<3468, 5, 958>;False;1;803;0;0;1;50;4000;89;3436;37;9;3962;76;3543;49;82;1366;19;2305;79;63;81;46;23;2367
EA82;<3468, 5, 958>;False;1;687;0;0;1;50;1621;95;1226;72;76;1015;30;2071;107;73;285;60;3719;5;33;85;82;99;1194
EA64;<3468, 5, 958>;False;1;637;0;0;1;50;1155;76;788;87;44;2792;72;3520;51;51;2581;77;1674;53;70;32;44;31;3818
EA56;<3468, 5, 958>;False;1;817;0;0;1;50;1762;15;1506;58;94;2487;87;1500;54;64;1048;96;3416;46;53;21;52;73;1499
EA55;<3468, 5, 958>;False;1;758;0;0;1;50;1134;6;1546;8;18;2009;59;768;63;30;337;74;2154;40;68;66;14;78;3204
EA52;<3468, 5, 958>;False;1;655;0;0;1;50;756;68;1763;20;44;2821;68;2621;27;30;901;56;3472;5;10;65;61;29;269
EA41;<3468, 5, 958>;False;11;638;20;-10;1;50;1894;35;2333;48;71;1214;54;2780;88;23;3692;40;3510;61;16;22;2;89;3248
EA32;<3468, 5, 958>;False;1;678;0;0;1;50;3900;68;3442;55;68;604;18;3602;50;54;1130;72;100;125;27;72;18;38;962
EA15;<3468, 5, 958>;False;1;765;0;0;1;50;938;42;2991;50;98;2487;29;2219;14;78;371;54;1826;19;33;62;23;31;2533
EA10;<3468, 5, 958>;False;1;651;0;0;1;50;3098;72;2563;83;22;1492;61;3079;73;53;2451;73;143;102;58;0;87;1;4000
EA190;<3468, 5, 958>;False;1;668;0;0;1;50;258;54;1525;92;61;524;73;1605;66;52;1853;24;1179;85;71;44;93;45;3955
EA164;<3468, 5, 958>;False;51;759;80;-30;1;50;3477;55;2873;77;67;2347;54;2756;66;26;1313;31;975;56;61;57;30;55;807
EA149;<3468, 5, 958>;False;141;756;220;-80;1;50;1525;80;157;10;95;2677;12;886;42;34;577;37;183;88;94;57;6;87;117
EA117;<3468, 5, 958>;False;1;668;0;0;1;50;116;35;2873;40;37;403;39;2941;14;36;754;86;2505;62;11;69;17;66;2217
EA108;<3468, 5, 958>;False;31;673;40;-10;1;50;685;89;2224;47;129;4000;53;361;62;103;785;136;1553;50;88;62;69;22;1249
EA100;<3468, 5, 958>;False;1;694;0;0;1;50;3826;8;3275;92;66;1357;91;2259;67;34;2847;71;3472;22;96;87;30;25;896
EA99;<3468, 5, 958>;False;1;637;0;0;1;50;1972;49;1538;51;59;100;46;100;60;88;1643;25;1574;29;64;84;32;25;2891
EA93;<3468, 5, 958>;False;1;802;0;0;1;50;935;93;2417;89;7;2756;73;2947;70;15;1915;71;3125;21;7;86;3;84;3829
EA87;<3468, 5, 958>;False;1;702;0;0;1;50;3055;91;530;48;73;2880;77;2543;36;7;3928;49;1208;80;58;17;34;75;516
EA85;<3468, 5, 958>;False;1;652;0;0;1;50;3131;69;766;36;53;2687;43;3161;53;42;2664;62;1520;28;79;16;6;15;2840
EA77;<3468, 5, 958>;False;1;770;0;0;1;50;2297;29;3383;63;78;1848;95;2822;99;5;3454;57;614;49;53;65;65;3;2810
EA74;<3468, 5, 958>;False;1;782;0;0;1;50;4000;70;1664;65;69;2152;72;3288;24;43;2192;46;1231;22;57;11;6;46;2655
EA34;<3468, 5, 958>;False;1;665;0;0;1;50;268;68;1191;47;98;2299;20;1652;20;57;3529;88;1771;62;50;14;88;26;3516
EA30;<3468, 5, 958>;False;1;671;0;0;1;50;570;69;348;53;73;1517;39;3214;50;35;2825;62;2182;54;33;80;27;48;2186
EA21;<3468, 5, 958>;False;1;666;0;0;1;50;1719;18;1013;76;93;129;7;102;62;97;360;25;1897;95;11;6;25;13;1600
EA20;<3468, 5, 958>;False;1;674;0;0;1;50;3723;85;2729;60;34;614;43;2841;67;73;1910;34;1350;81;41;37;85;22;2538
EA22;<3468, 5, 958>;False;1;632;0;0;1;50;607;64;3071;29;35;1727;11;480;102;5;2930;52;2522;41;55;23;51;26;3816
EA6;<3468, 5, 958>;False;1;761;0;0;1;50;3685;57;2782;82;61;2103;74;1660;23;54;1255;43;2196;49;63;52;71;72;1651
EA11;<3468, 5, 958>;False;1;651;0;0;1;50;1583;61;3277;58;25;3013;83;1037;70;71;1449;27;2499;19;58;88;71;84;1612
EA8;<3468, 5, 958>;False;1;638;0;0;1;50;2696;77;1301;65;68;2347;34;2313;89;48;277;40;1570;15;39;16;50;62;2949
EA177;<3468, 5, 958>;False;1;634;0;0;1;50;3077;18;2976;18;8;1301;28;2135;11;80;1292;67;546;14;5;70;92;65;971
EA160;<3468, 5, 958>;False;1;651;0;0;1;50;1627;82;1832;16;39;878;64;2130;46;39;1525;53;3423;58;30;71;28;82;2802
EA159;<3468, 5, 958>;False;1;774;0;0;1;50;2481;19;2553;24;14;577;10;479;51;52;1582;62;572;19;7;9;96;38;2488
EA156;<3468, 5, 958>;False;1;676;0;0;1;50;2566;46;1900;63;69;2310;41;2061;24;69;4000;9;3272;17;8;86;55;5;3043
EA151;<3468, 5, 958>;False;91;660;160;-70;1;50;3921;60;2686;9;28;3004;28;2349;18;16;1523;81;2207;69;78;84;3;2;3204
EA125;<3468, 5, 958>;False;1;687;0;0;1;50;595;12;3778;49;8;1859;59;2127;52;81;2512;76;394;47;63;92;8;11;2337
EA122;<3468, 5, 958>;False;1;652;0;0;1;50;2696;77;1301;65;68;2347;34;2313;89;48;277;40;1570;15;39;16;50;62;2949
EA115;<3468, 5, 958>;False;1;761;0;0;1;50;1096;56;1632;90;42;3326;79;1060;76;71;1969;5;298;7;5;81;34;27;2739
EA95;<3468, 5, 958>;False;1;657;0;0;1;50;1867;57;1131;55;31;1009;47;100;99;82;4000;5;4000;99;50;36;48;84;2058
EA92;<3468, 5, 958>;False;1;659;0;0;1;50;3322;76;2051;57;16;3295;66;2982;7;55;2777;78;2372;67;66;83;66;11;2855
EA61;<3468, 5, 958>;False;1;677;0;0;1;50;1061;58;1921;83;25;3512;15;3477;40;14;1558;6;2426;88;85;61;86;34;3843
EA46;<3468, 5, 958>;False;1;624;0;0;1;50;2120;13;285;55;5;1635;69;1761;94;21;1939;42;1599;24;72;64;82;66;1855
EA38;<3468, 5, 958>;False;1;623;0;0;1;50;1426;94;2159;9;11;1293;84;3950;6;8;1552;86;2726;11;47;51;41;24;2012
EA19;<3468, 5, 958>;False;151;759;200;-50;1;50;680;62;1455;34;27;3145;36;783;19;25;1490;56;327;77;90;76;7;52;1696
EA17;<3468, 5, 958>;False;1;654;0;0;1;50;1612;42;3950;80;54;1316;55;3005;34;73;1367;77;1895;27;21;58;61;56;1980
EA5;<3468, 5, 958>;False;180;695;220;-80;40;2.38;1372;80;3895;35;82;1242;8;2533;37;92;3039;63;1624;79;78;43;4;2;2361
EA9;<3468, 5, 958>;False;1;640;0;0;1;50;1105;35;3505;80;55;3800;77;2947;49;19;2443;30;2705;56;33;9;49;13;1772
EA197;<3468, 5, 958>;False;1;757;0;0;1;50;1083;79;2655;48;70;1303;56;3369;15;5;848;31;1541;74;48;0;40;96;1467
EA195;<3468, 5, 958>;False;1;801;0;0;1;50;1681;94;981;46;76;2099;127;2122;34;43;471;28;3175;47;34;50;21;18;606
EA181;<3468, 5, 958>;False;111;893;140;-30;1;50;987;28;257;95;40;2077;55;1173;42;48;3813;83;1807;66;96;53;76;76;174
EA183;<3468, 5, 958>;False;1;787;0;0;1;50;2880;97;923;88;99;2438;75;1176;59;17;2809;30;1987;14;71;57;79;50;1442
EA173;<3468, 5, 958>;False;1;675;0;0;1;50;324;96;2951;98;97;180;33;1279;10;30;863;21;2403;13;36;81;43;39;3923
EA171;<3468, 5, 958>;False;1;675;0;0;1;50;2314;38;1178;43;42;4000;119;907;84;103;3008;22;1889;59;44;88;53;51;1486
EA165;<3468, 5, 958>;False;1;677;0;0;1;50;3427;55;1502;78;20;1860;55;629;61;65;2099;5;762;5;112;35;19;65;2056
EA158;<3468, 5, 958>;False;332;858;480;-180;32;2.94;1619;119;4000;75;5;1427;14;2769;44;35;1190;64;1862;25;28;100;11;4;2803
EA154;<3468, 5, 958>;False;1;682;0;0;1;50;2180;74;2922;39;79;910;46;100;106;76;3503;10;1285;75;61;14;87;42;2519
EA150;<3468, 5, 958>;False;166;802;260;-100;6;15.58;3717;48;2621;32;39;1249;17;3389;62;65;3029;17;689;64;7;10;0;19;4000
EA152;<3468, 5, 958>;False;1;670;0;0;1;50;1559;8;345;91;37;1081;77;275;94;84;2806;71;1307;60;52;44;81;91;1098
EA133;<3468, 5, 958>;False;1;846;0;0;1;50;2215;38;946;41;46;3178;39;2182;94;20;938;54;992;87;11;87;35;20;1487
EA136;<3468, 5, 958>;False;1;663;0;0;1;50;2572;61;3402;65;28;2440;94;2760;65;40;2291;26;2570;67;78;66;35;34;1648
EA126;<3468, 5, 958>;False;1;664;0;0;1;50;1061;58;1921;83;25;3512;15;3477;40;14;1558;6;2426;88;85;61;86;34;3843
EA118;<3468, 5, 958>;False;1;828;0;0;1;50;986;124;195;39;89;2052;112;3264;65;40;1552;35;2376;48;86;69;29;33;1880
EA120;<3468, 5, 958>;False;1;648;0;0;1;50;1719;18;1013;76;93;129;7;102;62;97;360;25;1897;95;11;6;25;13;1600
EA104;<3468, 5, 958>;False;111;714;140;-30;1;50;2724;74;1976;54;16;3146;36;810;18;25;1656;58;427;74;87;85;7;58;1596
EA97;<3468, 5, 958>;True;194;450;200;-30;24;3.93;767;81;915;86;39;3627;12;100;58;33;3092;72;3035;38;14;67;0;65;3349
EA70;<3468, 5, 958>;False;1;688;0;0;1;50;2638;37;1094;21;97;2451;24;351;62;72;253;24;749;58;5;0;21;65;2198
EA69;<3468, 5, 958>;False;1;673;0;0;1;50;702;18;724;60;5;2037;55;1280;45;50;3809;81;1795;65;95;48;46;44;1024
EA72;<3468, 5, 958>;False;1;627;0;0;1;50;1752;15;1393;62;93;2950;102;1774;52;57;724;62;2701;69;33;11;35;36;1560
EA57;<3468, 5, 958>;False;1;649;0;0;1;50;433;59;1410;12;7;1321;92;583;64;72;3914;8;635;89;63;26;83;12;517
EA44;<3468, 5, 958>;False;1;666;0;0;1;50;170;74;3092;50;42;183;47;315;23;50;814;32;2620;9;60;55;14;8;3804
EA43;<3468, 5, 958>;False;1;656;0;0;1;50;309;47;1040;33;44;319;22;1131;64;43;3492;42;3304;94;89;77;9;82;3084
EA36;<3468, 5, 958>;False;1;663;0;0;1;50;960;46;2827;38;43;1133;57;2327;74;21;3534;29;2327;51;43;85;36;42;1749
EA7;<3468, 5, 958>;True;342;694;320;-10;32;3.01;340;42;529;95;22;3401;79;1073;59;58;1916;7;1195;12;6;50;14;1;754
EA186;<3468, 5, 958>;False;1;826;0;0;1;50;100;64;100;5;40;2408;78;2931;24;32;2714;76;3233;102;79;92;64;75;1021
EA179;<3468, 5, 958>;False;1;691;0;0;1;50;2099;22;703;70;58;1990;52;3886;64;41;520;26;2561;50;76;18;36;46;1972
EA172;<3468, 5, 958>;False;1;661;0;0;1;50;453;91;492;20;58;359;69;1536;74;21;2804;54;2541;76;45;22;76;79;1576
EA166;<3468, 5, 958>;False;1;733;0;0;1;50;3654;14;3667;89;53;969;59;1045;5;50;1208;49;1297;39;124;77;53;33;1569
EA163;<3468, 5, 958>;False;71;950;120;-50;1;50;3471;14;1335;39;93;2465;49;3337;62;29;4000;68;1387;107;5;22;44;13;1302
EA161;<3468, 5, 958>;False;1;805;0;0;1;50;2272;96;2095;97;97;1419;58;3336;18;6;3355;80;652;80;79;10;37;78;1422
EA139;<3468, 5, 958>;False;1;646;0;0;1;50;3082;77;1315;86;84;1169;42;2956;48;51;1438;31;1678;70;33;6;21;32;3190
EA132;<3468, 5, 958>;False;1;633;0;0;1;50;741;24;1162;33;93;3907;30;2055;57;5;2584;99;3274;99;67;23;47;42;2453
EA114;<3468, 5, 958>;False;1;686;0;0;1;50;935;93;2417;89;7;2756;73;2947;70;15;1915;71;3125;21;7;86;3;84;3829
EA94;<3468, 5, 958>;False;1;640;0;0;1;50;540;34;2603;20;66;665;95;962;75;88;2509;73;3367;35;9;43;43;66;1932
EA84;<3468, 5, 958>;False;1;664;0;0;1;50;1864;34;3840;38;61;2694;35;1500;61;78;3156;34;2104;5;88;60;84;61;1214
EA81;<3468, 5, 958>;False;1;690;0;0;1;50;2254;38;353;28;53;2401;97;1213;82;24;3910;110;3118;60;25;81;13;63;771
EA79;<3468, 5, 958>;False;1;662;0;0;1;50;3780;27;1143;78;59;4000;76;2857;55;26;195;57;2333;63;13;91;90;27;3717
EA73;<3468, 5, 958>;False;1;669;0;0;1;50;1579;60;294;70;79;2327;86;1016;30;32;3056;82;3162;43;13;80;23;63;962
EA62;<3468, 5, 958>;False;21;764;40;-20;1;50;1780;60;1558;8;11;1012;40;724;85;79;2496;93;1293;47;26;13;58;60;124
EA51;<3468, 5, 958>;True;420;701;480;-80;20;4.7;2090;14;1116;11;84;1803;6;2295;35;14;758;96;3688;57;10;55;29;24;130
EA47;<3468, 5, 958>;False;1;663;0;0;1;50;100;11;1572;74;103;3995;66;2546;64;37;1066;44;1452;57;42;88;70;36;3073
EA27;<3468, 5, 958>;False;1;785;0;0;1;50;1795;27;2359;78;41;1746;62;2249;83;77;3329;35;971;35;62;46;16;14;1735
EA28;<3468, 5, 958>;False;1;656;0;0;1;50;4000;5;2428;120;68;1015;14;2730;49;22;816;78;874;51;41;0;26;48;4000
EA25;<3468, 5, 958>;False;1;661;0;0;1;50;2384;21;3097;56;42;615;75;1808;37;86;1609;66;2401;54;53;11;29;85;2442
EA18;<3468, 5, 958>;False;1;684;0;0;1;50;3312;46;3504;70;6;3969;96;1281;87;79;3509;15;2107;53;53;90;75;89;1486