Name;Coord;Winner;Fitness;GameTime;Score;deffScore;suppScore;townLifeDeviation;supportActions;attackActions;dominanceLevel;deff1-ConquerRadius;deff1-AttackMinLife;deff1-SupportRadius;deff1-SupportMaxCap;deff1-SupportMinCap;off1-ConquerRadius;off1-AttackMinLife;off1-SupportRadius;off1-SupportMaxCap;off1-SupportMinCap;supp1-ConquerRadius;supp1-AttackMinLife;supp1-SupportRadius;supp1-SupportMaxCap;supp1-SupportMinCap;SupportTownRatio1;DeffTownRatio1;AtkTownRatio1;CategorisationRadius1;deff2-ConquerRadius;deff2-AttackMinLife;deff2-SupportRadius;deff2-SupportMaxCap;deff2-SupportMinCap;off2-ConquerRadius;off2-AttackMinLife;off2-SupportRadius;off2-SupportMaxCap;off2-SupportMinCap;supp2-ConquerRadius;supp2-AttackMinLife;supp2-SupportRadius;supp2-SupportMaxCap;supp2-SupportMinCap;SupportTownRatio;DeffTownRatio;AtkTownRatio;CategorisationRadius
KI_0;<4815, 5, 13836>;True;306.96044456932344;7090;105.55555555555556;100;101.40488901376791;71.08;196;450;1;2077;63;953;66;10;3647;6;1704;85;71;1189;72;1908;45;53;34;3;68;646;1528;51;1154;71;12;3305;12;1921;65;74;1569;85;3582;65;84;30;61;42;625
KI_1;<4815, 5, 13836>;True;306.10852390168486;5862;105.17647058823529;100;100.93205331344953;107.19;419;595;1;2077;63;953;66;10;3647;6;1704;85;71;1189;72;1908;45;53;34;3;68;646;1528;51;1154;71;12;3305;12;1921;65;74;1569;85;3582;65;84;30;61;42;625
KI_2;<4815, 5, 13836>;True;231.70569889734975;3964;107.51633986928104;20;104.18935902806871;23.77;107;306;1;2077;63;953;66;10;3647;6;1704;85;71;1189;72;1908;45;53;34;3;68;646;1528;51;1154;71;12;3305;12;1921;65;74;1569;85;3582;65;84;30;61;42;625
KI_3;<4815, 5, 13836>;True;270.18080210387905;3293;107.22222222222223;60;102.9585798816568;33.7;73;216;1;2077;63;953;66;10;3647;6;1704;85;71;1189;72;1908;45;53;34;3;68;646;1528;51;1154;71;12;3305;12;1921;65;74;1569;85;3582;65;84;30;61;42;625
KI_4;<4815, 5, 13836>;True;289.67284476087292;3728;106.96428571428571;80;102.70855904658721;36.82;147;336;1;2077;63;953;66;10;3647;6;1704;85;71;1189;72;1908;45;53;34;3;68;646;1528;51;1154;71;12;3305;12;1921;65;74;1569;85;3582;65;84;30;61;42;625
KI_5;<4815, 5, 13836>;True;297.65713779196028;4494;105.72477064220183;90;101.93236714975845;51.65;450;545;1;2077;63;953;66;10;3647;6;1704;85;71;1189;72;1908;45;53;34;3;68;646;1528;51;1154;71;12;3305;12;1921;65;74;1569;85;3582;65;84;30;61;42;625
KI_6;<4815, 5, 13836>;True;308.10818803030043;3912;106.29757785467128;100;101.81061017562919;55.13;135;289;1;2077;63;953;66;10;3647;6;1704;85;71;1189;72;1908;45;53;34;3;68;646;1528;51;1154;71;12;3305;12;1921;65;74;1569;85;3582;65;84;30;61;42;625
KI_7;<4815, 5, 13836>;True;308.72789666473875;4245;106.8;100;101.92789666473877;51.77;320;400;1;2077;63;953;66;10;3647;6;1704;85;71;1189;72;1908;45;53;34;3;68;646;1528;51;1154;71;12;3305;12;1921;65;74;1569;85;3582;65;84;30;61;42;625
KI_8;<4815, 5, 13836>;True;307.13146693228879;5544;105.43396226415095;100;101.69750466813784;58.81;356;530;1;2077;63;953;66;10;3647;6;1704;85;71;1189;72;1908;45;53;34;3;68;646;1528;51;1154;71;12;3305;12;1921;65;74;1569;85;3582;65;84;30;61;42;625
KI_9;<4815, 5, 13836>;True;298.8549417380317;4419;107.01670644391407;90;101.83823529411765;54.3;358;419;1;2077;63;953;66;10;3647;6;1704;85;71;1189;72;1908;45;53;34;3;68;646;1528;51;1154;71;12;3305;12;1921;65;74;1569;85;3582;65;84;30;61;42;625
KI_10;<4815, 5, 13836>;True;306.807086985204;5730;105.57251908396947;100;101.23456790123457;80.9;313;524;1;2077;63;953;66;10;3647;6;1704;85;71;1189;72;1908;45;53;34;3;68;646;1528;51;1154;71;12;3305;12;1921;65;74;1569;85;3582;65;84;30;61;42;625
KI_11;<4815, 5, 13836>;True;238.74480000357806;4384;106.92098092643052;30;101.82381907714755;54.73;191;367;2;2077;63;953;66;10;3647;6;1704;85;71;1189;72;1908;45;53;34;3;68;646;1528;51;1154;71;12;3305;12;1921;65;74;1569;85;3582;65;84;30;61;42;625
KI_12;<4815, 5, 13836>;True;268.61865470373039;5513;106.08187134502924;60;102.53678335870117;39.32;384;513;2;2077;63;953;66;10;3647;6;1704;85;71;1189;72;1908;45;53;34;3;68;646;1528;51;1154;71;12;3305;12;1921;65;74;1569;85;3582;65;84;30;61;42;625
KI_13;<4815, 5, 13836>;True;295.68730697788806;6755;104.72103004291846;90;100.96627693496956;103.39;598;699;2;2077;63;953;66;10;3647;6;1704;85;71;1189;72;1908;45;53;34;3;68;646;1528;51;1154;71;12;3305;12;1921;65;74;1569;85;3582;65;84;30;61;42;625
KI_14;<4815, 5, 13836>;True;277.04610253253924;5017;105.37162162162163;70;101.67448091091761;59.62;463;592;2;2077;63;953;66;10;3647;6;1704;85;71;1189;72;1908;45;53;34;3;68;646;1528;51;1154;71;12;3305;12;1921;65;74;1569;85;3582;65;84;30;61;42;625
KI_15;<4815, 5, 13836>;True;286.3140366789018;6321;105.10805500982318;80;101.20598166907863;82.82;191;509;2;2077;63;953;66;10;3647;6;1704;85;71;1189;72;1908;45;53;34;3;68;646;1528;51;1154;71;12;3305;12;1921;65;74;1569;85;3582;65;84;30;61;42;625
KI_16;<4815, 5, 13836>;True;297.08424518444036;5428;105.93481989708405;90;101.14942528735632;86.9;821;583;2;2077;63;953;66;10;3647;6;1704;85;71;1189;72;1908;45;53;34;3;68;646;1528;51;1154;71;12;3305;12;1921;65;74;1569;85;3582;65;84;30;61;42;625
KI_17;<4815, 5, 13836>;True;269.41299420800806;4584;106.89473684210526;60;102.5182573659028;39.61;219;380;2;2077;63;953;66;10;3647;6;1704;85;71;1189;72;1908;45;53;34;3;68;646;1528;51;1154;71;12;3305;12;1921;65;74;1569;85;3582;65;84;30;61;42;625
KI_18;<4815, 5, 13836>;True;279.01559556495943;3695;106.56641604010025;70;102.44917952485918;40.73;274;399;2;2077;63;953;66;10;3647;6;1704;85;71;1189;72;1908;45;53;34;3;68;646;1528;51;1154;71;12;3305;12;1921;65;74;1569;85;3582;65;84;30;61;42;625
KI_19;<4815, 5, 13836>;True;278.60124614506407;4559;106.48305084745763;70;102.11819529760643;47.11;415;472;2;2077;63;953;66;10;3647;6;1704;85;71;1189;72;1908;45;53;34;3;68;646;1528;51;1154;71;12;3305;12;1921;65;74;1569;85;3582;65;84;30;61;42;625
KI_20;<4815, 5, 13836>;True;276.48020964479213;5827;105.0788643533123;70;101.40134529147981;71.26;431;634;2;2077;63;953;66;10;3647;6;1704;85;71;1189;72;1908;45;53;34;3;68;646;1528;51;1154;71;12;3305;12;1921;65;74;1569;85;3582;65;84;30;61;42;625
KI_21;<4815, 5, 13836>;True;278.86917897944323;3432;106.81198910081744;70;102.05718987862579;48.51;179;367;2;2077;63;953;66;10;3647;6;1704;85;71;1189;72;1908;45;53;34;3;68;646;1528;51;1154;71;12;3305;12;1921;65;74;1569;85;3582;65;84;30;61;42;625
KI_22;<4815, 5, 13836>;True;295.89046354447657;5369;104.86932599724896;90;101.02113754722761;97.83;677;727;2;2077;63;953;66;10;3647;6;1704;85;71;1189;72;1908;45;53;34;3;68;646;1528;51;1154;71;12;3305;12;1921;65;74;1569;85;3582;65;84;30;61;42;625
KI_23;<4815, 5, 13836>;True;278.51707273298337;4433;106.45308924485126;70;102.0639834881321;48.35;316;437;2;2077;63;953;66;10;3647;6;1704;85;71;1189;72;1908;45;53;34;3;68;646;1528;51;1154;71;12;3305;12;1921;65;74;1569;85;3582;65;84;30;61;42;625
KI_24;<4815, 5, 13836>;True;286.52140778049761;4834;105.64796905222437;80;100.87343872827321;114.39;368;517;3;2077;63;953;66;10;3647;6;1704;85;71;1189;72;1908;45;53;34;3;68;646;1528;51;1154;71;12;3305;12;1921;65;74;1569;85;3582;65;84;30;61;42;625
KI_25;<4815, 5, 13836>;True;198.5533392650828;5025;106.42023346303502;-10;102.13310580204778;46.78;321;514;3;2077;63;953;66;10;3647;6;1704;85;71;1189;72;1908;45;53;34;3;68;646;1528;51;1154;71;12;3305;12;1921;65;74;1569;85;3582;65;84;30;61;42;625
KI_26;<4815, 5, 13836>;True;138.31226897809631;4945;105.97582037996546;-70;102.33644859813084;42.7;463;579;3;2077;63;953;66;10;3647;6;1704;85;71;1189;72;1908;45;53;34;3;68;646;1528;51;1154;71;12;3305;12;1921;65;74;1569;85;3582;65;84;30;61;42;625
KI_27;<4815, 5, 13836>;True;285.0637639735865;7823;104.52193475815523;80;100.54182921543129;184.46;936;889;3;2077;63;953;66;10;3647;6;1704;85;71;1189;72;1908;45;53;34;3;68;646;1528;51;1154;71;12;3305;12;1921;65;74;1569;85;3582;65;84;30;61;42;625
KI_28;<4815, 5, 13836>;True;188.29029680587766;3965;106.04914933837429;-20;102.24114746750337;44.52;274;529;3;2077;63;953;66;10;3647;6;1704;85;71;1189;72;1908;45;53;34;3;68;646;1528;51;1154;71;12;3305;12;1921;65;74;1569;85;3582;65;84;30;61;42;625
KI_29;<4815, 5, 13836>;True;227.62810221979876;4715;105.78512396694215;20;101.84297825285661;54.16;276;484;3;2077;63;953;66;10;3647;6;1704;85;71;1189;72;1908;45;53;34;3;68;646;1528;51;1154;71;12;3305;12;1921;65;74;1569;85;3582;65;84;30;61;42;625
KI_30;<4815, 5, 13836>;True;207.54993406563057;5225;105.89018302828619;0;101.65975103734439;60.15;633;601;3;2077;63;953;66;10;3647;6;1704;85;71;1189;72;1908;45;53;34;3;68;646;1528;51;1154;71;12;3305;12;1921;65;74;1569;85;3582;65;84;30;61;42;625
KI_31;<4815, 5, 13836>;True;266.42007095297851;5219;105.03617945007235;60;101.38389150290617;72.16;696;691;3;2077;63;953;66;10;3647;6;1704;85;71;1189;72;1908;45;53;34;3;68;646;1528;51;1154;71;12;3305;12;1921;65;74;1569;85;3582;65;84;30;61;42;625
KI_32;<4815, 5, 13836>;True;286.31680295348986;6512;105.18301610541728;80;101.13378684807256;88.1;716;683;3;2077;63;953;66;10;3647;6;1704;85;71;1189;72;1908;45;53;34;3;68;646;1528;51;1154;71;12;3305;12;1921;65;74;1569;85;3582;65;84;30;61;42;625
KI_33;<4815, 5, 13836>;True;285.65182267643371;6271;104.71698113207548;80;100.93484154435824;106.87;649;742;3;2077;63;953;66;10;3647;6;1704;85;71;1189;72;1908;45;53;34;3;68;646;1528;51;1154;71;12;3305;12;1921;65;74;1569;85;3582;65;84;30;61;42;625
KI_34;<4815, 5, 13836>;True;237.571104424152;6596;106.29981024667931;30;101.27129417747267;78.56;461;527;3;2077;63;953;66;10;3647;6;1704;85;71;1189;72;1908;45;53;34;3;68;646;1528;51;1154;71;12;3305;12;1921;65;74;1569;85;3582;65;84;30;61;42;625
KI_35;<4815, 5, 13836>;True;267.4463086979946;4613;105.39964476021315;60;102.04666393778142;48.76;361;563;3;2077;63;953;66;10;3647;6;1704;85;71;1189;72;1908;45;53;34;3;68;646;1528;51;1154;71;12;3305;12;1921;65;74;1569;85;3582;65;84;30;61;42;625
KI_36;<4815, 5, 13836>;True;247.51963271716804;5312;106.02150537634408;40;101.49812734082397;66.65;401;558;3;2077;63;953;66;10;3647;6;1704;85;71;1189;72;1908;45;53;34;3;68;646;1528;51;1154;71;12;3305;12;1921;65;74;1569;85;3582;65;84;30;61;42;625
KI_37;<4815, 5, 13836>;True;198.26780983656508;3612;106.12648221343873;-10;102.14132762312634;46.6;238;506;3;2077;63;953;66;10;3647;6;1704;85;71;1189;72;1908;45;53;34;3;68;646;1528;51;1154;71;12;3305;12;1921;65;74;1569;85;3582;65;84;30;61;42;625
KI_38;<4815, 5, 13836>;True;256.68870020449197;4627;105.5246913580247;50;101.16400884646723;85.81;665;648;3;2077;63;953;66;10;3647;6;1704;85;71;1189;72;1908;45;53;34;3;68;646;1528;51;1154;71;12;3305;12;1921;65;74;1569;85;3582;65;84;30;61;42;625
KI_39;<4815, 5, 13836>;True;256.80865342127925;5176;105.48204158790171;50;101.32661183337756;75.28;338;529;3;2077;63;953;66;10;3647;6;1704;85;71;1189;72;1908;45;53;34;3;68;646;1528;51;1154;71;12;3305;12;1921;65;74;1569;85;3582;65;84;30;61;42;625
KI_40;<4815, 5, 13836>;True;286.56974172620068;5025;105.43247344461305;80;101.13726828158762;87.83;692;659;3;2077;63;953;66;10;3647;6;1704;85;71;1189;72;1908;45;53;34;3;68;646;1528;51;1154;71;12;3305;12;1921;65;74;1569;85;3582;65;84;30;61;42;625
KI_41;<4815, 5, 13836>;True;275.9035190621077;6297;104.96815286624204;70;100.93536619586568;106.81;460;628;4;2077;63;953;66;10;3647;6;1704;85;71;1189;72;1908;45;53;34;3;68;646;1528;51;1154;71;12;3305;12;1921;65;74;1569;85;3582;65;84;30;61;42;625
KI_42;<4815, 5, 13836>;True;58.255130059557374;5684;106.13827993254637;-150;102.116850127011;47.14;418;593;4;2077;63;953;66;10;3647;6;1704;85;71;1189;72;1908;45;53;34;3;68;646;1528;51;1154;71;12;3305;12;1921;65;74;1569;85;3582;65;84;30;61;42;625
KI_43;<4815, 5, 13836>;True;46.818251701949279;7292;106.18892508143323;-160;100.62932662051605;158.8;1248;921;4;2077;63;953;66;10;3647;6;1704;85;71;1189;72;1908;45;53;34;3;68;646;1528;51;1154;71;12;3305;12;1921;65;74;1569;85;3582;65;84;30;61;42;625
KI_44;<4815, 5, 13836>;True;217.17412288629345;7696;105.99348534201954;10;101.18063754427391;84.6;479;614;4;2077;63;953;66;10;3647;6;1704;85;71;1189;72;1908;45;53;34;3;68;646;1528;51;1154;71;12;3305;12;1921;65;74;1569;85;3582;65;84;30;61;42;625
KI_45;<4815, 5, 13836>;True;87.848662781665126;6157;105.76489533011272;-120;102.0837674515524;47.89;468;621;4;2077;63;953;66;10;3647;6;1704;85;71;1189;72;1908;45;53;34;3;68;646;1528;51;1154;71;12;3305;12;1921;65;74;1569;85;3582;65;84;30;61;42;625
KI_46;<4815, 5, 13836>;True;157.76633609055833;6624;106.05839416058394;-50;101.70794192997438;58.45;339;548;4;2077;63;953;66;10;3647;6;1704;85;71;1189;72;1908;45;53;34;3;68;646;1528;51;1154;71;12;3305;12;1921;65;74;1569;85;3582;65;84;30;61;42;625
KI_47;<4815, 5, 13836>;True;187.61719283789645;4736;105.57595993322204;-20;102.04123290467442;48.89;330;599;4;2077;63;953;66;10;3647;6;1704;85;71;1189;72;1908;45;53;34;3;68;646;1528;51;1154;71;12;3305;12;1921;65;74;1569;85;3582;65;84;30;61;42;625
KI_48;<4815, 5, 13836>;True;256.12301343580094;6121;105.16717325227964;50;100.95584018352132;104.52;703;658;4;2077;63;953;66;10;3647;6;1704;85;71;1189;72;1908;45;53;34;3;68;646;1528;51;1154;71;12;3305;12;1921;65;74;1569;85;3582;65;84;30;61;42;625
KI_49;<4815, 5, 13836>;True;257.04305880788638;6372;105.32188841201717;50;101.72117039586919;58;487;699;4;2077;63;953;66;10;3647;6;1704;85;71;1189;72;1908;45;53;34;3;68;646;1528;51;1154;71;12;3305;12;1921;65;74;1569;85;3582;65;84;30;61;42;625
KI_50;<4815, 5, 13836>;True;138.07774762178906;5639;106.15873015873017;-70;101.91901746305891;52.01;600;630;4;2077;63;953;66;10;3647;6;1704;85;71;1189;72;1908;45;53;34;3;68;646;1528;51;1154;71;12;3305;12;1921;65;74;1569;85;3582;65;84;30;61;42;625
KI_51;<4815, 5, 13836>;True;236.44802098931763;4475;105.67114093959732;30;100.77688004972032;128.62;700;596;4;2077;63;953;66;10;3647;6;1704;85;71;1189;72;1908;45;53;34;3;68;646;1528;51;1154;71;12;3305;12;1921;65;74;1569;85;3582;65;84;30;61;42;625
KI_52;<4815, 5, 13836>;True;255.71081301899042;6496;104.98659517426273;50;100.72421784472769;137.98;618;746;4;2077;63;953;66;10;3647;6;1704;85;71;1189;72;1908;45;53;34;3;68;646;1528;51;1154;71;12;3305;12;1921;65;74;1569;85;3582;65;84;30;61;42;625
KI_53;<4815, 5, 13836>;True;187.20343092683518;5682;106.06382978723404;-20;101.13960113960114;87.65;621;564;4;2077;63;953;66;10;3647;6;1704;85;71;1189;72;1908;45;53;34;3;68;646;1528;51;1154;71;12;3305;12;1921;65;74;1569;85;3582;65;84;30;61;42;625
KI_54;<4815, 5, 13836>;True;147.55625547004536;6740;105.6902356902357;-60;101.86601977980966;53.49;406;594;4;2077;63;953;66;10;3647;6;1704;85;71;1189;72;1908;45;53;34;3;68;646;1528;51;1154;71;12;3305;12;1921;65;74;1569;85;3582;65;84;30;61;42;625
KI_55;<4815, 5, 13836>;True;265.55834211508034;6299;104.74034620505992;60;100.81799591002044;122.15;652;751;5;2077;63;953;66;10;3647;6;1704;85;71;1189;72;1908;45;53;34;3;68;646;1528;51;1154;71;12;3305;12;1921;65;74;1569;85;3582;65;84;30;61;42;625
KI_56;<4815, 5, 13836>;True;245.59736403205466;6785;104.53972257250946;40;101.05764145954521;94.45;670;793;5;2077;63;953;66;10;3647;6;1704;85;71;1189;72;1908;45;53;34;3;68;646;1528;51;1154;71;12;3305;12;1921;65;74;1569;85;3582;65;84;30;61;42;625
KI_57;<4815, 5, 13836>;True;6.8741442387017884;6262;105.96439169139465;-200;100.90975254730714;109.82;427;674;5;2077;63;953;66;10;3647;6;1704;85;71;1189;72;1908;45;53;34;3;68;646;1528;51;1154;71;12;3305;12;1921;65;74;1569;85;3582;65;84;30;61;42;625
KI_58;<4815, 5, 13836>;True;167.42685888474011;5177;105.55735056542811;-40;101.86950831931202;53.39;400;619;5;2077;63;953;66;10;3647;6;1704;85;71;1189;72;1908;45;53;34;3;68;646;1528;51;1154;71;12;3305;12;1921;65;74;1569;85;3582;65;84;30;61;42;625
KI_59;<4815, 5, 13836>;True;6.4558909137950593;9166;105.91417910447761;-200;100.54171180931745;184.5;1698;1072;5;2077;63;953;66;10;3647;6;1704;85;71;1189;72;1908;45;53;34;3;68;646;1528;51;1154;71;12;3305;12;1921;65;74;1569;85;3582;65;84;30;61;42;625
KI_60;<4815, 5, 13836>;True;66.520256496379446;7761;105.77825159914713;-140;100.74200489723232;134.67;1408;938;5;2077;63;953;66;10;3647;6;1704;85;71;1189;72;1908;45;53;34;3;68;646;1528;51;1154;71;12;3305;12;1921;65;74;1569;85;3582;65;84;30;61;42;625
KI_61;<4815, 5, 13836>;True;206.447349307781;7876;105.23684210526315;0;101.21050720251786;82.51;783;760;5;2077;63;953;66;10;3647;6;1704;85;71;1189;72;1908;45;53;34;3;68;646;1528;51;1154;71;12;3305;12;1921;65;74;1569;85;3582;65;84;30;61;42;625
KI_62;<4815, 5, 13836>;True;246.69836956521738;6021;105;40;101.69836956521739;58.78;480;664;5;2077;63;953;66;10;3647;6;1704;85;71;1189;72;1908;45;53;34;3;68;646;1528;51;1154;71;12;3305;12;1921;65;74;1569;85;3582;65;84;30;61;42;625
KI_63;<4815, 5, 13836>;True;136.67058948770008;7644;105.66120218579235;-70;101.00938730190774;98.97;1138;915;5;2077;63;953;66;10;3647;6;1704;85;71;1189;72;1908;45;53;34;3;68;646;1528;51;1154;71;12;3305;12;1921;65;74;1569;85;3582;65;84;30;61;42;625
KI_64;<4815, 5, 13836>;True;245.53078826650147;7359;104.83745123537061;40;100.69333703113084;144.13;726;769;5;2077;63;953;66;10;3647;6;1704;85;71;1189;72;1908;45;53;34;3;68;646;1528;51;1154;71;12;3305;12;1921;65;74;1569;85;3582;65;84;30;61;42;625
KI_65;<4815, 5, 13836>;True;206.51406627165562;5353;105.51386623164764;0;101.000200040008;99.88;503;613;5;2077;63;953;66;10;3647;6;1704;85;71;1189;72;1908;45;53;34;3;68;646;1528;51;1154;71;12;3305;12;1921;65;74;1569;85;3582;65;84;30;61;42;625
KI_66;<4815, 5, 13836>;True;236.02956223246594;7708;105.15306122448979;30;100.87650100797616;113.99;650;784;5;2077;63;953;66;10;3647;6;1704;85;71;1189;72;1908;45;53;34;3;68;646;1528;51;1154;71;12;3305;12;1921;65;74;1569;85;3582;65;84;30;61;42;625
KI_67;<4815, 5, 13836>;True;176.69763257188487;6799;105.52995391705069;-30;101.16767865483419;85.54;458;651;5;2077;63;953;66;10;3647;6;1704;85;71;1189;72;1908;45;53;34;3;68;646;1528;51;1154;71;12;3305;12;1921;65;74;1569;85;3582;65;84;30;61;42;625
KI_68;<4815, 5, 13836>;True;-393.72851640256965;10314;105.75113808801214;-600;100.52034550941825;192.08;2198;1318;6;2077;63;953;66;10;3647;6;1704;85;71;1189;72;1908;45;53;34;3;68;646;1528;51;1154;71;12;3305;12;1921;65;74;1569;85;3582;65;84;30;61;42;625
KI_69;<4815, 5, 13836>;True;235.98708673603963;7355;104.95049504950495;30;101.03659168653468;96.37;756;808;6;2077;63;953;66;10;3647;6;1704;85;71;1189;72;1908;45;53;34;3;68;646;1528;51;1154;71;12;3305;12;1921;65;74;1569;85;3582;65;84;30;61;42;625
KI_70;<4815, 5, 13836>;True;216.016151619682;6558;104.82666666666667;10;101.18948495301534;83.97;508;750;6;2077;63;953;66;10;3647;6;1704;85;71;1189;72;1908;45;53;34;3;68;646;1528;51;1154;71;12;3305;12;1921;65;74;1569;85;3582;65;84;30;61;42;625
KI_71;<4815, 5, 13836>;True;127.29147036388926;5243;105.47987616099071;-80;101.81159420289855;55.1;488;646;6;2077;63;953;66;10;3647;6;1704;85;71;1189;72;1908;45;53;34;3;68;646;1528;51;1154;71;12;3305;12;1921;65;74;1569;85;3582;65;84;30;61;42;625
KI_72;<4815, 5, 13836>;True;-133.67147267743604;10445;105.82664526484751;-340;100.50188205771644;199.15;2629;1246;6;2077;63;953;66;10;3647;6;1704;85;71;1189;72;1908;45;53;34;3;68;646;1528;51;1154;71;12;3305;12;1921;65;74;1569;85;3582;65;84;30;61;42;625
KI_73;<4815, 5, 13836>;True;6.4979192463462283;8171;105.63614744351962;-200;100.86177180282661;115.94;1020;841;6;2077;63;953;66;10;3647;6;1704;85;71;1189;72;1908;45;53;34;3;68;646;1528;51;1154;71;12;3305;12;1921;65;74;1569;85;3582;65;84;30;61;42;625
KI_74;<4815, 5, 13836>;True;136.76398334873653;6216;105.26315789473685;-70;101.5008254539997;66.53;648;741;6;2077;63;953;66;10;3647;6;1704;85;71;1189;72;1908;45;53;34;3;68;646;1528;51;1154;71;12;3305;12;1921;65;74;1569;85;3582;65;84;30;61;42;625
KI_75;<4815, 5, 13836>;True;146.83186652297911;6335;105.55112881806109;-60;101.28073770491804;77.98;747;753;6;2077;63;953;66;10;3647;6;1704;85;71;1189;72;1908;45;53;34;3;68;646;1528;51;1154;71;12;3305;12;1921;65;74;1569;85;3582;65;84;30;61;42;625
KI_76;<4815, 5, 13836>;True;146.80799965843835;5137;105.2247191011236;-60;101.58328055731475;63.06;667;712;6;2077;63;953;66;10;3647;6;1704;85;71;1189;72;1908;45;53;34;3;68;646;1528;51;1154;71;12;3305;12;1921;65;74;1569;85;3582;65;84;30;61;42;625
KI_77;<4815, 5, 13836>;True;196.17245689935965;7444;105.10885341074021;-10;101.06360348861945;93.92;482;689;6;2077;63;953;66;10;3647;6;1704;85;71;1189;72;1908;45;53;34;3;68;646;1528;51;1154;71;12;3305;12;1921;65;74;1569;85;3582;65;84;30;61;42;625
KI_78;<4815, 5, 13836>;True;176.02691624555808;5325;104.90984743411929;-30;101.11706881143878;89.42;589;721;6;2077;63;953;66;10;3647;6;1704;85;71;1189;72;1908;45;53;34;3;68;646;1528;51;1154;71;12;3305;12;1921;65;74;1569;85;3582;65;84;30;61;42;625
KI_79;<4815, 5, 13836>;True;176.12941944556047;5531;105.125;-30;101.00441944556047;99.46;592;640;6;2077;63;953;66;10;3647;6;1704;85;71;1189;72;1908;45;53;34;3;68;646;1528;51;1154;71;12;3305;12;1921;65;74;1569;85;3582;65;84;30;61;42;625
KI_80;<4815, 5, 13836>;True;196.16660209051923;6433;105.234375;-10;100.93222709051925;107.17;889;768;6;2077;63;953;66;10;3647;6;1704;85;71;1189;72;1908;45;53;34;3;68;646;1528;51;1154;71;12;3305;12;1921;65;74;1569;85;3582;65;84;30;61;42;625
KI_81;<4815, 5, 13836>;True;-293.56554131394665;7576;105.59292035398229;-500;100.84153833207103;118.73;1603;1130;7;2077;63;953;66;10;3647;6;1704;85;71;1189;72;1908;45;53;34;3;68;646;1528;51;1154;71;12;3305;12;1921;65;74;1569;85;3582;65;84;30;61;42;625
KI_82;<4815, 5, 13836>;True;205.38296523228001;6454;104.31845597104946;0;101.06450926123057;93.84;703;829;7;2077;63;953;66;10;3647;6;1704;85;71;1189;72;1908;45;53;34;3;68;646;1528;51;1154;71;12;3305;12;1921;65;74;1569;85;3582;65;84;30;61;42;625
KI_83;<4815, 5, 13836>;True;107.01633762617743;6753;105.34883720930233;-100;101.6675004168751;59.87;448;688;7;2077;63;953;66;10;3647;6;1704;85;71;1189;72;1908;45;53;34;3;68;646;1528;51;1154;71;12;3305;12;1921;65;74;1569;85;3582;65;84;30;61;42;625
KI_84;<4815, 5, 13836>;True;215.38916655037616;8226;104.68711656441718;10;100.702049985959;142.34;817;815;7;2077;63;953;66;10;3647;6;1704;85;71;1189;72;1908;45;53;34;3;68;646;1528;51;1154;71;12;3305;12;1921;65;74;1569;85;3582;65;84;30;61;42;625
KI_85;<4815, 5, 13836>;True;126.61796042180805;6752;105.54809843400447;-80;101.06986198780358;93.37;979;894;7;2077;63;953;66;10;3647;6;1704;85;71;1189;72;1908;45;53;34;3;68;646;1528;51;1154;71;12;3305;12;1921;65;74;1569;85;3582;65;84;30;61;42;625
KI_86;<4815, 5, 13836>;True;185.73223910840932;8039;104.84571428571428;-20;100.88652482269504;112.7;715;875;7;2077;63;953;66;10;3647;6;1704;85;71;1189;72;1908;45;53;34;3;68;646;1528;51;1154;71;12;3305;12;1921;65;74;1569;85;3582;65;84;30;61;42;625
KI_87;<4815, 5, 13836>;True;125.62175382402523;8578;104.67289719626169;-80;100.94885662776355;105.29;881;963;7;2077;63;953;66;10;3647;6;1704;85;71;1189;72;1908;45;53;34;3;68;646;1528;51;1154;71;12;3305;12;1921;65;74;1569;85;3582;65;84;30;61;42;625
KI_88;<4815, 5, 13836>;True;175.01227574927958;8682;104.37017994858611;-30;100.64209580069347;155.64;400;778;8;2077;63;953;66;10;3647;6;1704;85;71;1189;72;1908;45;53;34;3;68;646;1528;51;1154;71;12;3305;12;1921;65;74;1569;85;3582;65;84;30;61;42;625
KI_89;<4815, 5, 13836>;True;115.13632539907232;8778;104.20479302832244;-90;100.93153237074988;107.25;765;918;8;2077;63;953;66;10;3647;6;1704;85;71;1189;72;1908;45;53;34;3;68;646;1528;51;1154;71;12;3305;12;1921;65;74;1569;85;3582;65;84;30;61;42;625
KI_90;<4815, 5, 13836>;True;-453.79157731180919;14172;105.58055805580558;-660;100.62786463238525;159.17;1081;1111;8;2077;63;953;66;10;3647;6;1704;85;71;1189;72;1908;45;53;34;3;68;646;1528;51;1154;71;12;3305;12;1921;65;74;1569;85;3582;65;84;30;61;42;625
KI_91;<4815, 5, 13836>;True;-124.06516815790918;8498;104.62025316455696;-330;101.31457867753385;75.97;552;948;8;2077;63;953;66;10;3647;6;1704;85;71;1189;72;1908;45;53;34;3;68;646;1528;51;1154;71;12;3305;12;1921;65;74;1569;85;3582;65;84;30;61;42;625
KI_92;<4815, 5, 13836>;True;-324.11281854796096;10808;105.48364648573417;-530;100.40353496630483;247.71;2129;1437;8;2077;63;953;66;10;3647;6;1704;85;71;1189;72;1908;45;53;34;3;68;646;1528;51;1154;71;12;3305;12;1921;65;74;1569;85;3582;65;84;30;61;42;625
KI_93;<4815, 5, 13836>;True;115.98880179171333;6914;104.93617021276596;-90;101.05263157894737;94.9;446;705;8;2077;63;953;66;10;3647;6;1704;85;71;1189;72;1908;45;53;34;3;68;646;1528;51;1154;71;12;3305;12;1921;65;74;1569;85;3582;65;84;30;61;42;625
KI_94;<4815, 5, 13836>;True;55.712393389095652;10679;105.13761467889908;-150;100.57477871019657;173.88;1016;981;8;2077;63;953;66;10;3647;6;1704;85;71;1189;72;1908;45;53;34;3;68;646;1528;51;1154;71;12;3305;12;1921;65;74;1569;85;3582;65;84;30;61;42;625
KI_95;<4815, 5, 13836>;True;-93.8693977355159;11820;105.38804638715433;-300;100.74255587732976;134.57;1596;1121;8;2077;63;953;66;10;3647;6;1704;85;71;1189;72;1908;45;53;34;3;68;646;1528;51;1154;71;12;3305;12;1921;65;74;1569;85;3582;65;84;30;61;42;625
KI_96;<4815, 5, 13836>;True;45.89922487109088;9126;105.18248175182482;-160;100.71674311926606;139.42;652;822;8;2077;63;953;66;10;3647;6;1704;85;71;1189;72;1908;45;53;34;3;68;646;1528;51;1154;71;12;3305;12;1921;65;74;1569;85;3582;65;84;30;61;42;625
KI_97;<4815, 5, 13836>;True;135.52612646805392;7632;104.66413181242079;-70;100.86199465563314;115.91;529;789;8;2077;63;953;66;10;3647;6;1704;85;71;1189;72;1908;45;53;34;3;68;646;1528;51;1154;71;12;3305;12;1921;65;74;1569;85;3582;65;84;30;61;42;625
KI_98;<4815, 5, 13836>;True;-54.073356969462552;11057;104.99013806706114;-260;100.93650496347631;106.68;1067;1014;8;2077;63;953;66;10;3647;6;1704;85;71;1189;72;1908;45;53;34;3;68;646;1528;51;1154;71;12;3305;12;1921;65;74;1569;85;3582;65;84;30;61;42;625
KI_99;<4815, 5, 13836>;True;125.38558399080736;8450;104.69387755102041;-80;100.69170643978696;144.47;590;784;8;2077;63;953;66;10;3647;6;1704;85;71;1189;72;1908;45;53;34;3;68;646;1528;51;1154;71;12;3305;12;1921;65;74;1569;85;3582;65;84;30;61;42;625
KI_100;<4815, 5, 13836>;True;-114.03963996318825;8407;105.00479386385426;-320;100.95556617295748;104.55;895;1043;8;2077;63;953;66;10;3647;6;1704;85;71;1189;72;1908;45;53;34;3;68;646;1528;51;1154;71;12;3305;12;1921;65;74;1569;85;3582;65;84;30;61;42;625
KI_101;<4815, 5, 13836>;True;115.71339449619187;5610;104.68911917098446;-90;101.02427532520741;97.53;654;772;8;2077;63;953;66;10;3647;6;1704;85;71;1189;72;1908;45;53;34;3;68;646;1528;51;1154;71;12;3305;12;1921;65;74;1569;85;3582;65;84;30;61;42;625
KI_102;<4815, 5, 13836>;True;-103.89674746657975;10362;105.46374367622259;-310;100.63950885719767;156.27;1988;1186;8;2077;63;953;66;10;3647;6;1704;85;71;1189;72;1908;45;53;34;3;68;646;1528;51;1154;71;12;3305;12;1921;65;74;1569;85;3582;65;84;30;61;42;625
KI_103;<4815, 5, 13836>;False;5;8770;45;-40;0;50;0;45;9;2077;63;953;66;10;3647;6;1704;85;71;1189;72;1908;45;53;34;3;68;646;1528;51;1154;71;12;3305;12;1921;65;74;1569;85;3582;65;84;30;61;42;625
KI_104;<4815, 5, 13836>;True;-914.06792575944939;11674;105.4950495049505;-1120;100.43702473560003;228.72;1965;1616;9;2077;63;953;66;10;3647;6;1704;85;71;1189;72;1908;45;53;34;3;68;646;1528;51;1154;71;12;3305;12;1921;65;74;1569;85;3582;65;84;30;61;42;625
KI_105;<4815, 5, 13836>;True;-194.46566225443903;9111;104.77905073649754;-400;100.75528700906344;132.3;1173;1222;9;2077;63;953;66;10;3647;6;1704;85;71;1189;72;1908;45;53;34;3;68;646;1528;51;1154;71;12;3305;12;1921;65;74;1569;85;3582;65;84;30;61;42;625
KI_106;<4815, 5, 13836>;False;-4;9855;36;-40;0;50;0;36;9;2077;63;953;66;10;3647;6;1704;85;71;1189;72;1908;45;53;34;3;68;646;1528;51;1154;71;12;3305;12;1921;65;74;1569;85;3582;65;84;30;61;42;625
KI_107;<4815, 5, 13836>;True;-214.16375209882216;9425;105.43307086614173;-420;100.40317703503608;247.93;2178;1270;9;2077;63;953;66;10;3647;6;1704;85;71;1189;72;1908;45;53;34;3;68;646;1528;51;1154;71;12;3305;12;1921;65;74;1569;85;3582;65;84;30;61;42;625
KI_108;<4815, 5, 13836>;False;-16;7039;44;-60;0;50;0;44;9;2077;63;953;66;10;3647;6;1704;85;71;1189;72;1908;45;53;34;3;68;646;1528;51;1154;71;12;3305;12;1921;65;74;1569;85;3582;65;84;30;61;42;625
KI_109;<4815, 5, 13836>;True;114.77598440804951;9284;104.05965202982601;-90;100.7163323782235;139.5;1112;1207;9;2077;63;953;66;10;3647;6;1704;85;71;1189;72;1908;45;53;34;3;68;646;1528;51;1154;71;12;3305;12;1921;65;74;1569;85;3582;65;84;30;61;42;625
KI_110;<4815, 5, 13836>;True;-104.01893812457573;9733;105.29021558872306;-310;100.6908462867012;144.65;1727;1206;9;2077;63;953;66;10;3647;6;1704;85;71;1189;72;1908;45;53;34;3;68;646;1528;51;1154;71;12;3305;12;1921;65;74;1569;85;3582;65;84;30;61;42;625
KI_111;<4815, 5, 13836>;False;-42;8333;38;-80;0;50;0;38;9;2077;63;953;66;10;3647;6;1704;85;71;1189;72;1908;45;53;34;3;68;646;1528;51;1154;71;12;3305;12;1921;65;74;1569;85;3582;65;84;30;61;42;625
KI_112;<4815, 5, 13836>;True;-123.99318551464059;9184;105.31443755535872;-330;100.69237693000069;144.33;1425;1129;9;2077;63;953;66;10;3647;6;1704;85;71;1189;72;1908;45;53;34;3;68;646;1528;51;1154;71;12;3305;12;1921;65;74;1569;85;3582;65;84;30;61;42;625
KI_113;<4815, 5, 13836>;True;124.94804524154166;9880;104.38580527752502;-80;100.56223996401664;177.76;1035;1099;9;2077;63;953;66;10;3647;6;1704;85;71;1189;72;1908;45;53;34;3;68;646;1528;51;1154;71;12;3305;12;1921;65;74;1569;85;3582;65;84;30;61;42;625
KI_114;<4815, 5, 13836>;True;-394.31551108194759;12732;105.26384364820846;-600;100.42064526984395;237.63;2519;1535;10;2077;63;953;66;10;3647;6;1704;85;71;1189;72;1908;45;53;34;3;68;646;1528;51;1154;71;12;3305;12;1921;65;74;1569;85;3582;65;84;30;61;42;625
KI_115;<4815, 5, 13836>;True;-504.34954774293107;11740;105.20976831559173;-710;100.44068394147718;226.82;2628;1597;10;2077;63;953;66;10;3647;6;1704;85;71;1189;72;1908;45;53;34;3;68;646;1528;51;1154;71;12;3305;12;1921;65;74;1569;85;3582;65;84;30;61;42;625
KI_116;<4815, 5, 13836>;False;-120;11449;50;-170;0;50;0;85;10;2077;63;953;66;10;3647;6;1704;85;71;1189;72;1908;45;53;34;3;68;646;1528;51;1154;71;12;3305;12;1921;65;74;1569;85;3582;65;84;30;61;42;625
KI_117;<4815, 5, 13836>;False;-56;8654;44;-100;0;50;0;44;10;2077;63;953;66;10;3647;6;1704;85;71;1189;72;1908;45;53;34;3;68;646;1528;51;1154;71;12;3305;12;1921;65;74;1569;85;3582;65;84;30;61;42;625
KI_118;<4815, 5, 13836>;True;-134.1925067462368;8033;105.14760147601476;-340;100.65989177774846;151.44;1243;1084;10;2077;63;953;66;10;3647;6;1704;85;71;1189;72;1908;45;53;34;3;68;646;1528;51;1154;71;12;3305;12;1921;65;74;1569;85;3582;65;84;30;61;42;625
KI_119;<4815, 5, 13836>;False;-193;12589;50;-250;7;50;7;111;10;2077;63;953;66;10;3647;6;1704;85;71;1189;72;1908;45;53;34;3;68;646;1528;51;1154;71;12;3305;12;1921;65;74;1569;85;3582;65;84;30;61;42;625
KI_120;<4815, 5, 13836>;True;-114.6875711809669;8034;104.65531224655312;-320;100.65711657247996;152.08;1193;1233;10;2077;63;953;66;10;3647;6;1704;85;71;1189;72;1908;45;53;34;3;68;646;1528;51;1154;71;12;3305;12;1921;65;74;1569;85;3582;65;84;30;61;42;625
KI_121;<4815, 5, 13836>;False;-160;9647;50;-210;0;50;0;104;10;2077;63;953;66;10;3647;6;1704;85;71;1189;72;1908;45;53;34;3;68;646;1528;51;1154;71;12;3305;12;1921;65;74;1569;85;3582;65;84;30;61;42;625
KI_122;<4815, 5, 13836>;False;-64;6484;46;-110;0;50;0;46;10;2077;63;953;66;10;3647;6;1704;85;71;1189;72;1908;45;53;34;3;68;646;1528;51;1154;71;12;3305;12;1921;65;74;1569;85;3582;65;84;30;61;42;625
KI_123;<4815, 5, 13836>;False;-174;11242;50;-230;6;50;6;117;10;2077;63;953;66;10;3647;6;1704;85;71;1189;72;1908;45;53;34;3;68;646;1528;51;1154;71;12;3305;12;1921;65;74;1569;85;3582;65;84;30;61;42;625
KI_124;<4815, 5, 13836>;False;-88;8248;50;-140;2;50;2;70;10;2077;63;953;66;10;3647;6;1704;85;71;1189;72;1908;45;53;34;3;68;646;1528;51;1154;71;12;3305;12;1921;65;74;1569;85;3582;65;84;30;61;42;625
KI_125;<4815, 5, 13836>;False;-79;9637;50;-130;1;50;1;74;10;2077;63;953;66;10;3647;6;1704;85;71;1189;72;1908;45;53;34;3;68;646;1528;51;1154;71;12;3305;12;1921;65;74;1569;85;3582;65;84;30;61;42;625
KI_126;<4815, 5, 13836>;False;-110;12456;50;-160;0;50;0;70;10;2077;63;953;66;10;3647;6;1704;85;71;1189;72;1908;45;53;34;3;68;646;1528;51;1154;71;12;3305;12;1921;65;74;1569;85;3582;65;84;30;61;42;625
KI_127;<4815, 5, 13836>;False;-67;9291;50;-120;3;50;3;55;10;2077;63;953;66;10;3647;6;1704;85;71;1189;72;1908;45;53;34;3;68;646;1528;51;1154;71;12;3305;12;1921;65;74;1569;85;3582;65;84;30;61;42;625
KI_128;<4815, 5, 13836>;False;-157;10877;50;-210;3;50;3;108;10;2077;63;953;66;10;3647;6;1704;85;71;1189;72;1908;45;53;34;3;68;646;1528;51;1154;71;12;3305;12;1921;65;74;1569;85;3582;65;84;30;61;42;625
KI_129;<4815, 5, 13836>;False;-70;8670;50;-120;0;50;0;61;10;2077;63;953;66;10;3647;6;1704;85;71;1189;72;1908;45;53;34;3;68;646;1528;51;1154;71;12;3305;12;1921;65;74;1569;85;3582;65;84;30;61;42;625
KI_130;<4815, 5, 13836>;False;-50;9275;50;-100;0;50;0;50;10;2077;63;953;66;10;3647;6;1704;85;71;1189;72;1908;45;53;34;3;68;646;1528;51;1154;71;12;3305;12;1921;65;74;1569;85;3582;65;84;30;61;42;625
KI_131;<4815, 5, 13836>;True;-1254.5117167184274;19067;105.23121387283237;-1460;100.25706940874036;388.9;3546;2076;11;2077;63;953;66;10;3647;6;1704;85;71;1189;72;1908;45;53;34;3;68;646;1528;51;1154;71;12;3305;12;1921;65;74;1569;85;3582;65;84;30;61;42;625
KI_132;<4815, 5, 13836>;True;-374.72771488928049;10002;104.61979913916787;-580;100.65248597155161;153.16;1466;1394;11;2077;63;953;66;10;3647;6;1704;85;71;1189;72;1908;45;53;34;3;68;646;1528;51;1154;71;12;3305;12;1921;65;74;1569;85;3582;65;84;30;61;42;625
KI_133;<4815, 5, 13836>;False;-280;10861;50;-330;0;50;0;138;11;2077;63;953;66;10;3647;6;1704;85;71;1189;72;1908;45;53;34;3;68;646;1528;51;1154;71;12;3305;12;1921;65;74;1569;85;3582;65;84;30;61;42;625
KI_134;<4815, 5, 13836>;False;-292;14080;50;-350;8;50;8;169;11;2077;63;953;66;10;3647;6;1704;85;71;1189;72;1908;45;53;34;3;68;646;1528;51;1154;71;12;3305;12;1921;65;74;1569;85;3582;65;84;30;61;42;625
KI_135;<4815, 5, 13836>;False;-276;12087;50;-360;34;50;34;169;11;2077;63;953;66;10;3647;6;1704;85;71;1189;72;1908;45;53;34;3;68;646;1528;51;1154;71;12;3305;12;1921;65;74;1569;85;3582;65;84;30;61;42;625
KI_136;<4815, 5, 13836>;True;-794.53604585169091;14288;105.01154734411085;-1000;100.45240680419833;220.94;2818;1732;11;2077;63;953;66;10;3647;6;1704;85;71;1189;72;1908;45;53;34;3;68;646;1528;51;1154;71;12;3305;12;1921;65;74;1569;85;3582;65;84;30;61;42;625
KI_137;<4815, 5, 13836>;True;-444.67568265867925;14174;104.83173076923077;-650;100.49258657209005;202.91;2196;1664;11;2077;63;953;66;10;3647;6;1704;85;71;1189;72;1908;45;53;34;3;68;646;1528;51;1154;71;12;3305;12;1921;65;74;1569;85;3582;65;84;30;61;42;625
KI_138;<4815, 5, 13836>;False;-300;8882;50;-360;10;50;10;155;11;2077;63;953;66;10;3647;6;1704;85;71;1189;72;1908;45;53;34;3;68;646;1528;51;1154;71;12;3305;12;1921;65;74;1569;85;3582;65;84;30;61;42;625
KI_139;<4815, 5, 13836>;True;-284.48516211173705;10653;105.0974930362117;-490;100.41734485205124;239.51;2453;1436;11;2077;63;953;66;10;3647;6;1704;85;71;1189;72;1908;45;53;34;3;68;646;1528;51;1154;71;12;3305;12;1921;65;74;1569;85;3582;65;84;30;61;42;625
KI_140;<4815, 5, 13836>;True;-164.77878319819484;10480;104.75261324041811;-370;100.46860356138707;213.3;1966;1435;11;2077;63;953;66;10;3647;6;1704;85;71;1189;72;1908;45;53;34;3;68;646;1528;51;1154;71;12;3305;12;1921;65;74;1569;85;3582;65;84;30;61;42;625
KI_141;<4815, 5, 13836>;True;-304.63851693304514;10663;104.87526728439059;-510;100.4862157825643;205.57;1713;1403;11;2077;63;953;66;10;3647;6;1704;85;71;1189;72;1908;45;53;34;3;68;646;1528;51;1154;71;12;3305;12;1921;65;74;1569;85;3582;65;84;30;61;42;625
KI_142;<4815, 5, 13836>;True;-384.53731598276067;15575;104.9936628643853;-590;100.469021152854;213.11;2284;1578;11;2077;63;953;66;10;3647;6;1704;85;71;1189;72;1908;45;53;34;3;68;646;1528;51;1154;71;12;3305;12;1921;65;74;1569;85;3582;65;84;30;61;42;625
KI_143;<4815, 5, 13836>;True;-294.68521513485462;11750;104.78769230769231;-500;100.52709255745309;189.62;2466;1625;11;2077;63;953;66;10;3647;6;1704;85;71;1189;72;1908;45;53;34;3;68;646;1528;51;1154;71;12;3305;12;1921;65;74;1569;85;3582;65;84;30;61;42;625
KI_144;<4815, 5, 13836>;True;-494.86994222803207;12284;104.7215777262181;-700;100.40848004574977;244.71;2370;1724;12;2077;63;953;66;10;3647;6;1704;85;71;1189;72;1908;45;53;34;3;68;646;1528;51;1154;71;12;3305;12;1921;65;74;1569;85;3582;65;84;30;61;42;625
KI_145;<4815, 5, 13836>;True;-175.02657225689706;11851;104.52287581699346;-380;100.45055192610948;221.85;2232;1530;12;2077;63;953;66;10;3647;6;1704;85;71;1189;72;1908;45;53;34;3;68;646;1528;51;1154;71;12;3305;12;1921;65;74;1569;85;3582;65;84;30;61;42;625
KI_146;<4815, 5, 13836>;True;-484.69467571602593;12538;104.92063492063492;-690;100.38468936333911;259.85;2367;1638;12;2077;63;953;66;10;3647;6;1704;85;71;1189;72;1908;45;53;34;3;68;646;1528;51;1154;71;12;3305;12;1921;65;74;1569;85;3582;65;84;30;61;42;625
KI_147;<4815, 5, 13836>;True;-354.87181761339542;13173;104.70377019748653;-560;100.42441218911807;235.52;2466;1671;12;2077;63;953;66;10;3647;6;1704;85;71;1189;72;1908;45;53;34;3;68;646;1528;51;1154;71;12;3305;12;1921;65;74;1569;85;3582;65;84;30;61;42;625
KI_148;<4815, 5, 13836>;True;-225.59966393721464;13006;104.02144772117963;-430;100.37888834160573;263.83;2376;1865;13;2077;63;953;66;10;3647;6;1704;85;71;1189;72;1908;45;53;34;3;68;646;1528;51;1154;71;12;3305;12;1921;65;74;1569;85;3582;65;84;30;61;42;625
KI_149;<4815, 5, 13836>;True;-1234.8659647749012;15733;104.82792527040314;-1440;100.30610995469573;326.58;3314;2034;13;2077;63;953;66;10;3647;6;1704;85;71;1189;72;1908;45;53;34;3;68;646;1528;51;1154;71;12;3305;12;1921;65;74;1569;85;3582;65;84;30;61;42;625
KI_150;<4815, 5, 13836>;True;-445.09002056341785;13526;104.45969125214408;-650;100.45028818443804;221.98;2718;1749;13;2077;63;953;66;10;3647;6;1704;85;71;1189;72;1908;45;53;34;3;68;646;1528;51;1154;71;12;3305;12;1921;65;74;1569;85;3582;65;84;30;61;42;625
KI_151;<4815, 5, 13836>;True;-355.76072388607258;16466;103.92931392931394;-560;100.30996218461348;322.52;2568;1924;14;2077;63;953;66;10;3647;6;1704;85;71;1189;72;1908;45;53;34;3;68;646;1528;51;1154;71;12;3305;12;1921;65;74;1569;85;3582;65;84;30;61;42;625
KI_152;<4815, 5, 13836>;True;-396.07656595534456;18127;103.5852534562212;-600;100.33818058843423;295.6;2189;2170;14;2077;63;953;66;10;3647;6;1704;85;71;1189;72;1908;45;53;34;3;68;646;1528;51;1154;71;12;3305;12;1921;65;74;1569;85;3582;65;84;30;61;42;625
KI_153;<4815, 5, 13836>;True;-1345.6299051811666;14870;104.00574300071787;-1550;100.36435181811557;274.36;3695;2786;14;2077;63;953;66;10;3647;6;1704;85;71;1189;72;1908;45;53;34;3;68;646;1528;51;1154;71;12;3305;12;1921;65;74;1569;85;3582;65;84;30;61;42;625
KI_154;<4815, 5, 13836>;True;-1655.0411138772588;21896;104.68543046357615;-1860;100.27345565916487;365.59;4250;2416;14;2077;63;953;66;10;3647;6;1704;85;71;1189;72;1908;45;53;34;3;68;646;1528;51;1154;71;12;3305;12;1921;65;74;1569;85;3582;65;84;30;61;42;625
KI_155;<4815, 5, 13836>;True;-565.21080470828281;15391;104.43850267379679;-770;100.35069261792039;285.05;2282;1870;14;2077;63;953;66;10;3647;6;1704;85;71;1189;72;1908;45;53;34;3;68;646;1528;51;1154;71;12;3305;12;1921;65;74;1569;85;3582;65;84;30;61;42;625
KI_156;<4815, 5, 13836>;True;-2055.1950137224594;20886;104.59449541284404;-2260;100.21049086469647;474.98;4016;2725;15;2077;63;953;66;10;3647;6;1704;85;71;1189;72;1908;45;53;34;3;68;646;1528;51;1154;71;12;3305;12;1921;65;74;1569;85;3582;65;84;30;61;42;625
KI_157;<4815, 5, 13836>;False;-690;9489;50;-790;50;50;98;334;15;2077;63;953;66;10;3647;6;1704;85;71;1189;72;1908;45;53;34;3;68;646;1528;51;1154;71;12;3305;12;1921;65;74;1569;85;3582;65;84;30;61;42;625
KI_158;<4815, 5, 13836>;True;-2075.3434027950652;19150;104.37679083094555;-2280;100.2798063739892;357.29;4221;2792;15;2077;63;953;66;10;3647;6;1704;85;71;1189;72;1908;45;53;34;3;68;646;1528;51;1154;71;12;3305;12;1921;65;74;1569;85;3582;65;84;30;61;42;625
KI_159;<4815, 5, 13836>;False;-630;9989;50;-730;50;10.06;99;281;15;2077;63;953;66;10;3647;6;1704;85;71;1189;72;1908;45;53;34;3;68;646;1528;51;1154;71;12;3305;12;1921;65;74;1569;85;3582;65;84;30;61;42;625
KI_160;<4815, 5, 13836>;False;-1380;16385;50;-1480;50;68.63;916;630;15;2077;63;953;66;10;3647;6;1704;85;71;1189;72;1908;45;53;34;3;68;646;1528;51;1154;71;12;3305;12;1921;65;74;1569;85;3582;65;84;30;61;42;625
KI_161;<4815, 5, 13836>;True;-1356.2456707916406;16787;103.47966429954809;-1560;100.27466490881125;363.98;3052;3098;15;2077;63;953;66;10;3647;6;1704;85;71;1189;72;1908;45;53;34;3;68;646;1528;51;1154;71;12;3305;12;1921;65;74;1569;85;3582;65;84;30;61;42;625
KI_162;<4815, 5, 13836>;True;-2035.9586730717379;23957;103.8645297853039;-2240;100.17679714295817;565.52;5104;3307;15;2077;63;953;66;10;3647;6;1704;85;71;1189;72;1908;45;53;34;3;68;646;1528;51;1154;71;12;3305;12;1921;65;74;1569;85;3582;65;84;30;61;42;625
KI_163;<4815, 5, 13836>;True;-1836.0322253613613;23001;103.76531270148291;-2040;100.20246193715582;493.82;3914;3102;15;2077;63;953;66;10;3647;6;1704;85;71;1189;72;1908;45;53;34;3;68;646;1528;51;1154;71;12;3305;12;1921;65;74;1569;85;3582;65;84;30;61;42;625
KI_164;<4815, 5, 13836>;False;-1140;12207;50;-1240;50;45.79;280;467;15;2077;63;953;66;10;3647;6;1704;85;71;1189;72;1908;45;53;34;3;68;646;1528;51;1154;71;12;3305;12;1921;65;74;1569;85;3582;65;84;30;61;42;625
KI_165;<4815, 5, 13836>;False;-1450;13642;50;-1550;50;51.34;631;631;15;2077;63;953;66;10;3647;6;1704;85;71;1189;72;1908;45;53;34;3;68;646;1528;51;1154;71;12;3305;12;1921;65;74;1569;85;3582;65;84;30;61;42;625
KI_166;<4815, 5, 13836>;False;-1380;12531;50;-1480;50;26.1;171;643;15;2077;63;953;66;10;3647;6;1704;85;71;1189;72;1908;45;53;34;3;68;646;1528;51;1154;71;12;3305;12;1921;65;74;1569;85;3582;65;84;30;61;42;625
KI_167;<4815, 5, 13836>;True;-1896.1750837241982;25940;103.65890535228304;-2100;100.16601092351877;602.27;3894;3307;16;2077;63;953;66;10;3647;6;1704;85;71;1189;72;1908;45;53;34;3;68;646;1528;51;1154;71;12;3305;12;1921;65;74;1569;85;3582;65;84;30;61;42;625
KI_168;<4815, 5, 13836>;True;-2026.8242185230224;27056;103.00147130946543;-2230;100.17431016751208;573.59;3901;4078;16;2077;63;953;66;10;3647;6;1704;85;71;1189;72;1908;45;53;34;3;68;646;1528;51;1154;71;12;3305;12;1921;65;74;1569;85;3582;65;84;30;61;42;625
KI_169;<4815, 5, 13836>;True;-3766.0781169895768;29341;103.79207694069154;-3970;100.12980606973183;770.28;5825;4367;16;2077;63;953;66;10;3647;6;1704;85;71;1189;72;1908;45;53;34;3;68;646;1528;51;1154;71;12;3305;12;1921;65;74;1569;85;3582;65;84;30;61;42;625
KI_170;<4815, 5, 13836>;True;-2366.0040517432467;18354;103.71981958079066;-2570;100.276128675963;362.05;4980;3769;16;2077;63;953;66;10;3647;6;1704;85;71;1189;72;1908;45;53;34;3;68;646;1528;51;1154;71;12;3305;12;1921;65;74;1569;85;3582;65;84;30;61;42;625
KI_171;<4815, 5, 13836>;True;-2108.1546242560066;25908;101.67830253251198;-2310;100.16707321148127;598.44;4318;7305;17;2077;63;953;66;10;3647;6;1704;85;71;1189;72;1908;45;53;34;3;68;646;1528;51;1154;71;12;3305;12;1921;65;74;1569;85;3582;65;84;30;61;42;625
KI_172;<4815, 5, 13836>;True;-4138.32952991453;23499;101.46726348531978;-4340;100.20320660015037;492.01;9112;13181;17;2077;63;953;66;10;3647;6;1704;85;71;1189;72;1908;45;53;34;3;68;646;1528;51;1154;71;12;3305;12;1921;65;74;1569;85;3582;65;84;30;61;42;625
KI_173;<4815, 5, 13836>;True;-3846.141601434616;28674;103.71800433839479;-4050;100.14039422698939;712.18;6733;4610;17;2077;63;953;66;10;3647;6;1704;85;71;1189;72;1908;45;53;34;3;68;646;1528;51;1154;71;12;3305;12;1921;65;74;1569;85;3582;65;84;30;61;42;625
KI_174;<4815, 5, 13836>;True;-2446.3156076911869;26738;103.50877192982456;-2650;100.17562037898878;569.31;4374;3876;17;2077;63;953;66;10;3647;6;1704;85;71;1189;72;1908;45;53;34;3;68;646;1528;51;1154;71;12;3305;12;1921;65;74;1569;85;3582;65;84;30;61;42;625
KI_175;<4815, 5, 13836>;True;-2736.1657194419408;24586;103.66347177848775;-2940;100.17080877957127;585.35;5216;3756;17;2077;63;953;66;10;3647;6;1704;85;71;1189;72;1908;45;53;34;3;68;646;1528;51;1154;71;12;3305;12;1921;65;74;1569;85;3582;65;84;30;61;42;625
KI_176;<4815, 5, 13836>;True;-4316.5159350192762;30124;103.33274242155646;-4520;100.15132255916713;660.74;5964;5641;18;2077;63;953;66;10;3647;6;1704;85;71;1189;72;1908;45;53;34;3;68;646;1528;51;1154;71;12;3305;12;1921;65;74;1569;85;3582;65;84;30;61;42;625
KI_177;<4815, 5, 13836>;True;-3076.3369763347787;25436;103.51170568561872;-3280;100.15131797960234;660.76;4531;4186;18;2077;63;953;66;10;3647;6;1704;85;71;1189;72;1908;45;53;34;3;68;646;1528;51;1154;71;12;3305;12;1921;65;74;1569;85;3582;65;84;30;61;42;625
KI_178;<4815, 5, 13836>;False;-2540;19497;50;-2640;50;97.66;1303;1010;18;2077;63;953;66;10;3647;6;1704;85;71;1189;72;1908;45;53;34;3;68;646;1528;51;1154;71;12;3305;12;1921;65;74;1569;85;3582;65;84;30;61;42;625
KI_179;<4815, 5, 13836>;True;-2638.0284258120496;25267;101.79763996987195;-2840;100.17393421807873;574.83;5351;7966;18;2077;63;953;66;10;3647;6;1704;85;71;1189;72;1908;45;53;34;3;68;646;1528;51;1154;71;12;3305;12;1921;65;74;1569;85;3582;65;84;30;61;42;625
KI_180;<4815, 5, 13836>;True;-2786.6468957264692;28956;103.2090909090909;-2990;100.14401336444023;694.28;5405;4400;18;2077;63;953;66;10;3647;6;1704;85;71;1189;72;1908;45;53;34;3;68;646;1528;51;1154;71;12;3305;12;1921;65;74;1569;85;3582;65;84;30;61;42;625
KI_181;<4815, 5, 13836>;True;-3737.4816880618741;28341;102.35439900867411;-3940;100.16391292945187;609.98;6688;7263;18;2077;63;953;66;10;3647;6;1704;85;71;1189;72;1908;45;53;34;3;68;646;1528;51;1154;71;12;3305;12;1921;65;74;1569;85;3582;65;84;30;61;42;625
KI_182;<4815, 5, 13836>;True;-2958.3804838586871;30233;101.48839095609856;-3160;100.13112518521433;762.53;4857;9863;19;2077;63;953;66;10;3647;6;1704;85;71;1189;72;1908;45;53;34;3;68;646;1528;51;1154;71;12;3305;12;1921;65;74;1569;85;3582;65;84;30;61;42;625
KI_183;<4815, 5, 13836>;True;-3726.8339466076568;33282;103.03182880776839;-3930;100.13422458457491;744.92;6094;5561;19;2077;63;953;66;10;3647;6;1704;85;71;1189;72;1908;45;53;34;3;68;646;1528;51;1154;71;12;3305;12;1921;65;74;1569;85;3582;65;84;30;61;42;625
KI_184;<4815, 5, 13836>;True;-3007.0990045657022;34637;102.78979907264296;-3210;100.11119636165505;899.21;5301;5176;19;2077;63;953;66;10;3647;6;1704;85;71;1189;72;1908;45;53;34;3;68;646;1528;51;1154;71;12;3305;12;1921;65;74;1569;85;3582;65;84;30;61;42;625
KI_185;<4815, 5, 13836>;True;-5267.7330792421026;39375;102.15676069532633;-5470;100.11016006257091;907.67;9048;9607;20;2077;63;953;66;10;3647;6;1704;85;71;1189;72;1908;45;53;34;3;68;646;1528;51;1154;71;12;3305;12;1921;65;74;1569;85;3582;65;84;30;61;42;625
KI_186;<4815, 5, 13836>;True;-4536.9243408722377;34310;102.96865003198977;-4740;100.10700909577314;934.4;7040;6252;20;2077;63;953;66;10;3647;6;1704;85;71;1189;72;1908;45;53;34;3;68;646;1528;51;1154;71;12;3305;12;1921;65;74;1569;85;3582;65;84;30;61;42;625
KI_187;<4815, 5, 13836>;True;-3928.0556499149347;32607;101.82453077258839;-4130;100.11981931247678;834.49;6404;9164;20;2077;63;953;66;10;3647;6;1704;85;71;1189;72;1908;45;53;34;3;68;646;1528;51;1154;71;12;3305;12;1921;65;74;1569;85;3582;65;84;30;61;42;625
KI_188;<4815, 5, 13836>;True;-3827.160144812522;36492;102.73715415019763;-4030;100.10270103728048;973.6;6020;6072;20;2077;63;953;66;10;3647;6;1704;85;71;1189;72;1908;45;53;34;3;68;646;1528;51;1154;71;12;3305;12;1921;65;74;1569;85;3582;65;84;30;61;42;625
KI_189;<4815, 5, 13836>;True;-4737.6589211878063;39203;102.2517348648002;-4940;100.08934394739428;1119.17;6472;8358;21;2077;63;953;66;10;3647;6;1704;85;71;1189;72;1908;45;53;34;3;68;646;1528;51;1154;71;12;3305;12;1921;65;74;1569;85;3582;65;84;30;61;42;625
KI_190;<4815, 5, 13836>;True;-4648.3425979961148;40450;101.56088622355489;-4850;100.09651578033008;1036;6957;12006;21;2077;63;953;66;10;3647;6;1704;85;71;1189;72;1908;45;53;34;3;68;646;1528;51;1154;71;12;3305;12;1921;65;74;1569;85;3582;65;84;30;61;42;625
KI_191;<4815, 5, 13836>;True;-5038.6717400472962;39862;101.23618655178872;-5240;100.09207340091521;1085.99;7370;16017;22;2077;63;953;66;10;3647;6;1704;85;71;1189;72;1908;45;53;34;3;68;646;1528;51;1154;71;12;3305;12;1921;65;74;1569;85;3582;65;84;30;61;42;625
KI_192;<4815, 5, 13836>;True;-7438.9538489371871;61459;100.98299822030369;-7640;100.06315284250944;1583.36;12445;26409;23;2077;63;953;66;10;3647;6;1704;85;71;1189;72;1908;45;53;34;3;68;646;1528;51;1154;71;12;3305;12;1921;65;74;1569;85;3582;65;84;30;61;42;625
KI_193;<4815, 5, 13836>;True;-8968.77857238125;47653;101.14116499945831;-9170;100.08026261929032;1245.81;15799;27691;23;2077;63;953;66;10;3647;6;1704;85;71;1189;72;1908;45;53;34;3;68;646;1528;51;1154;71;12;3305;12;1921;65;74;1569;85;3582;65;84;30;61;42;625
KI_194;<4815, 5, 13836>;True;-8649.04971848754;75506;100.90056514434092;-8850;100.04971636811987;2011.31;14781;32735;24;2077;63;953;66;10;3647;6;1704;85;71;1189;72;1908;45;53;34;3;68;646;1528;51;1154;71;12;3305;12;1921;65;74;1569;85;3582;65;84;30;61;42;625
KI_195;<4815, 5, 13836>;True;-9219.51650207024;76477;100.43762658054628;-9420;100.045871349214;2179.91;15225;73076;25;2077;63;953;66;10;3647;6;1704;85;71;1189;72;1908;45;53;34;3;68;646;1528;51;1154;71;12;3305;12;1921;65;74;1569;85;3582;65;84;30;61;42;625
KI_196;<4815, 5, 13836>;True;-10199.387187580309;87871;100.56805667417282;-10400;100.04475574551883;2234.25;16708;60839;25;2077;63;953;66;10;3647;6;1704;85;71;1189;72;1908;45;53;34;3;68;646;1528;51;1154;71;12;3305;12;1921;65;74;1569;85;3582;65;84;30;61;42;625
KI_197;<4815, 5, 13836>;True;-12399.781008804597;142091;100.1945282787388;-12600;100.02446291666463;4087.72;23040;203775;26;2077;63;953;66;10;3647;6;1704;85;71;1189;72;1908;45;53;34;3;68;646;1528;51;1154;71;12;3305;12;1921;65;74;1569;85;3582;65;84;30;61;42;625
KI_198;<4815, 5, 13836>;True;-21589.526771940036;128624;100.45056671115798;-21790;100.02266134880348;4412.7;44316;135607;26;2077;63;953;66;10;3647;6;1704;85;71;1189;72;1908;45;53;34;3;68;646;1528;51;1154;71;12;3305;12;1921;65;74;1569;85;3582;65;84;30;61;42;625
KI_199;<4815, 5, 13836>;True;-14049.589029983579;96239;100.36990630196144;-14250;100.04106371445936;2435.14;30039;126897;26;2077;63;953;66;10;3647;6;1704;85;71;1189;72;1908;45;53;34;3;68;646;1528;51;1154;71;12;3305;12;1921;65;74;1569;85;3582;65;84;30;61;42;625